mu,g,F1,F2,F3,class
0.1,0.0113316731907131,0.00924681445268956,0.00923748953316743,0.0116071247452797,a
1.1009009009009,0.0114346519044606,0.009345390340529,0.00933600712023197,0.0117092011788741,a
2.1018018018018,0.0115396522656379,0.00944596534631116,0.00943652294427872,0.0118132934958378,a
3.1027027027027,0.0116467351929732,0.00954860039966423,0.00953909791209625,0.0119194625408345,a
4.1036036036036,0.0117559640748358,0.00965335891758891,0.00964379541703127,0.0120277716228941,a
5.1045045045045,0.0118674048950486,0.00976030693195649,0.0097506814664512,0.0121382866409215,a
6.1054054054054,0.0119811263664243,0.00986951322488211,0.00985982481707988,0.0122510762169057,a
7.10630630630631,0.0120972000725791,0.00998104947254261,0.0099712971187761,0.0123662118373847,a
8.10720720720721,0.0122157006186247,0.0100949903980558,0.0100851730673716,0.0124837680037618,a
9.10810810810811,0.0123367057913896,0.01021141393409,0.0102015305672372,0.0126038223921248,a
10.109009009009,0.0124602967298744,0.010330401395928,0.0103204509043011,0.0127264560232683,a
11.1099099099099,0.0125865581067073,0.0104520376657737,0.0104420189303079,0.0128517534436837,a
12.1108108108108,0.0127155783214284,0.0105764113891554,0.010566323259171,0.0129798029183435,a
13.1117117117117,0.012847449706507,0.0107036151843544,0.0106934564763492,0.0131106966361795,a
14.1126126126126,0.0129822687470723,0.0108337458658724,0.0108235153622577,0.0132445309292327,a
15.1135135135135,0.0131201363154251,0.0109669046830357,0.0109566011308145,0.0133814065065387,a
16.1144144144144,0.0132611579214937,0.0111031975749387,0.0110928196843227,0.0135214287039087,a
17.1153153153153,0.013405443980502,0.011242735443034,0.0112322818859958,0.0136647077508664,a
18.1162162162162,0.0135531100992321,0.011385634442799,0.0113751038515571,0.0138113590561228,a
19.1171171171171,0.0137042773823919,0.0115320162960401,0.0115214072614731,0.0139615035130899,a
20.118018018018,0.0138590727607385,0.0116820086255419,0.0116713196955277,0.0141152678270801,a
21.1189189189189,0.0140176293427622,0.0118357453139312,0.0118249749916094,0.0142727848659887,a
22.1198198198198,0.0141800867919076,0.0119933668888049,0.0119825136307558,0.0144341940364293,a
23.1207207207207,0.0143465917314993,0.0121550209363666,0.012144083150706,0.0145996416874801,a
24.1216216216216,0.014517298179746,0.0123208625460399,0.0123098385904236,0.0147692815444073,a
25.1225225225225,0.014692368017435,0.0124910547887682,0.0124799429683024,0.0149432751749661,a
26.1234234234234,0.0148719714911813,0.0126657692319812,0.0126545677970358,0.0151217924911331,a
27.1243243243243,0.0150562877553878,0.0128451864945129,0.0128338936384322,0.0153050122894143,a
28.1252252252252,0.0152455054563897,0.0130294968450875,0.0130181107017943,0.0154931228331863,a
29.1261261261261,0.0154398233626121,0.0132189008483662,0.0132074194898556,0.0156863224808857,a
30.127027027027,0.0156394510449657,0.0134136100629658,0.013402031496684,0.0158848203642545,a
31.1279279279279,0.0158446096121501,0.0136138477963236,0.0136021699624279,0.0160888371212891,a
32.1288288288288,0.0160555325060229,0.0138198499218083,0.0138080706903048,0.0162986056890322,a
33.1297297297297,0.0162724663627511,0.0140318657640576,0.0140199829318122,0.0165143721618976,a
34.1306306306306,0.0164956719460744,0.0142501590591799,0.0142381703468013,0.0167363967218312,a
35.1315315315315,0.0167254251597049,0.0144750089971911,0.0144629120457813,0.0169649546473013,a
36.1324324324324,0.0169620181466645,0.0147067113548826,0.0146945037226552,0.0172003374088859,a
37.1333333333333,0.017205760484234,0.0149455797282473,0.0149332588870124,0.0174428538600894,a
38.1342342342342,0.0174569804841678,0.0151919468746321,0.0151795102061486,0.0176928315330017,a
39.1351351351351,0.0177160266089328,0.0154461661759685,0.0154336109681666,0.0179506180495066,a
40.136036036036,0.0179832690159753,0.0157086132357597,0.0156959366788383,0.0182165826599873,a
41.1369369369369,0.0182591012434198,0.0159796876240076,0.0159668868064142,0.0184911179228689,a
42.1378378378378,0.0185439420521898,0.0162598147859635,0.0162468866902678,0.0187746415399172,a
43.1387387387387,0.0188382374413295,0.0165494481325123,0.0165363896311878,0.0190675983639874,a
44.1396396396396,0.0191424628553285,0.0168490713321814,0.0168358791833158,0.0193704625979361,a
45.1405405405405,0.0194571256045459,0.017159200827244,0.0171458716702056,0.0196837402056817,a
46.1414414414414,0.0197827675224243,0.017480388599201,0.0174669189502939,0.0200079715589861,a
47.1423423423423,0.0201199678861296,0.0178132252121204,0.017799611460275,0.0203437343464544,a
48.1432432432432,0.0204693466305919,0.0181583431659566,0.01814458156851,0.0206916467745688,a
49.1441441441441,0.020831567889715,0.0185164205961117,0.0185025072747493,0.0210523710943451,a
50.145045045045,0.0212073439028269,0.0188881853602218,0.0188741162971694,0.0214266174914764,a
51.1459459459459,0.0215974393293319,0.0192744195585288,0.0192601905931062,0.0218151483826877,a
52.1468468468468,0.0220026760200791,0.0196759645403297,0.019661571366004,0.0222187831665433,a
53.1477477477477,0.0224239383002633,0.0200937264559805,0.0200791646180918,0.0226384034832119,a
54.1486486486486,0.0228621788258231,0.0205286824218948,0.0205139473162678,0.0230749590447937,a
55.1495495495495,0.023318425083404,0.020981887375041,0.0209669742477476,0.0235294741058652,a
56.1504504504505,0.0237937866131122,0.0214544817037483,0.0214393856523488,0.0240030546529931,a
57.1513513513514,0.0242894630436235,0.0219476997533322,0.0219324157300032,0.0244968964022361,a
58.1522522522523,0.0248067530408341,0.0224628793182983,0.0224474021353485,0.0250122937051941,a
59.1531531531532,0.025347064284244,0.0230014722478225,0.0229857965862218,0.025550649477077,a
60.1540540540541,0.02591192459973,0.0235650563079792,0.0235491767296737,0.026113486274627,a
61.154954954955,0.0265029943933133,0.0241553484628861,0.0241392594278579,0.0267024586675535,a
62.1558558558559,0.0271220805478988,0.0247742197575818,0.0247579156468449,0.0273193670643895,a
63.1567567567568,0.0277711519635799,0.0254237120079593,0.025407187153972,0.0279661731721424,a
64.1576576576577,0.0284523569415654,0.026106056527155,0.0260893052534923,0.0286450172884289,a
65.1585585585586,0.0291680426313949,0.0268236951428537,0.0268067118154358,0.029358237644232,a
66.1594594594594,0.0299207767796847,0.0275793037849381,0.0275620828776826,0.0301083920338403,a
67.1603603603604,0.0307133720342993,0.0283758189460198,0.0283583551244998,0.0308982819840513,a
68.1612612612613,0.0315489130676452,0.0292164673357518,0.0291987555633444,0.0317309797244322,a
69.1621621621621,0.032430786782223,0.0301047990589521,0.0300868347310949,0.0326098582198648,a
70.1630630630631,0.0333627158438813,0.0310447246405344,0.031026503754136,0.0335386245090554,a
71.163963963964,0.03434879574323,0.0320405561865024,0.0320220755533525,0.0345213565480821,a
72.1648648648649,0.0353935354983223,0.0330970528939511,0.0330783104092345,0.0355625436714753,a
73.1657657657658,0.0365019019597092,0.034219470980328,0.0342004659601831,0.0366671306326907,a
74.1666666666667,0.0376793674295196,0.0354136178577163,0.0353943514633183,0.0378405649386852,a
75.1675675675676,0.0389319599112223,0.0366859099790325,0.0366663857490719,0.0390888468020246,a
76.1684684684685,0.0402663146959066,0.038043433152112,0.0380236576709291,0.0404185804289929,a
77.1693693693694,0.0416897250620431,0.0394940031404272,0.0394739868755812,0.0418370244423596,a
78.1702702702703,0.0432101884707368,0.0410462228784376,0.0410259812291776,0.0433521378563301,a
79.1711711711712,0.0448364425647816,0.0427095303823416,0.0426890849891854,0.0449726159683087,a
80.1720720720721,0.0465779822247332,0.0444942280836761,0.044473608458593,0.0467079075079616,a
81.172972972973,0.0484450444745525,0.0464114793579054,0.0463907249032669,0.0485681999688321,a
82.1738738738739,0.0504485415816047,0.0484732507745206,0.0484524132646226,0.050564353665594,a
83.1747747747748,0.0525999134910882,0.050692168135444,0.0506713147324474,0.0527077559480617,a
84.1756756756757,0.0549108578118056,0.0530812395224473,0.0530604563808724,0.0550100542070495,a
85.1765765765766,0.0573928778510431,0.0556533780005423,0.0556327744670232,0.0574827087543754,a
86.1774774774775,0.0600565657490217,0.0584206291168095,0.0584003424318481,0.0601362834131974,a
87.1783783783784,0.0629105084514828,0.0613929736093353,0.0613731738300623,0.0629793625514255,a
88.1792792792793,0.0659596711386412,0.0645765361693059,0.0645574307066019,0.0660169503085934,a
89.1801801801802,0.0692030827432064,0.0679709951020688,0.0679528317398044,0.0692481776746896,a
90.1810810810811,0.0726306378227484,0.0715659757138752,0.0715490421975758,0.0726631320251816,a
91.181981981982,0.07621887120259,0.0753362633855449,0.0753208806389961,0.0762386640363497,a
92.1828828828829,0.0799257132248391,0.0792358618081895,0.0792223667449004,0.0799331745782264,a
93.1837837837838,0.0836845757061676,0.0831913489886413,0.0831800622922225,0.0836807201254216,a
94.1846846846847,0.087398735242788,0.0870957461211037,0.0870869214261681,0.0873853832818499,a
95.1855855855856,0.0909378798572781,0.0908052000898897,0.0907989554022225,0.0909177471573609,a
96.1864864864865,0.094139647459258,0.0941418643196688,0.0941381056364251,0.0941162774106016,a
97.1873873873874,0.0968193839203817,0.0969066006690421,0.0969049603736678,0.0967968401362469,a
98.1882882882883,0.0987901801501331,0.0989032835084618,0.0989031056724905,0.0987724693654608,a
99.1891891891892,0.0998917435740488,0.0999718795496562,0.0999722795853589,0.0998820574458903,a
100.19009009009,0.100021526359619,0.100021526359619,0.100021526359619,0.100021526359619,b
101.190990990991,0.0991577105933464,0.0990515235657723,0.0990502265830329,0.09916713414668,a
102.191891891892,0.0973647747101369,0.0971513198778729,0.0971480622913781,0.0973815363880543,a
103.192792792793,0.0947791549998494,0.0944795360396664,0.0944739674396916,0.0947998961846788,a
104.193693693694,0.0915809854265402,0.0912309804989555,0.0912230579365692,0.09160183723988,a
105.194594594595,0.0879625123805558,0.0876037082198256,0.0875936282265163,0.0879797980413803,a
106.195495495495,0.0841024261275226,0.0837748292468503,0.0837629357052244,0.0841131289284882,a
107.196396396396,0.0801504297467877,0.0798878470974018,0.0798745461515693,0.0801523921084515,a
108.197297297297,0.076221635711091,0.0760497447704248,0.0760354423391506,0.0762135494605258,a
109.198198198198,0.0723978824973191,0.0723342235530845,0.0723192877291387,0.0723791600107306,a
110.199099099099,0.0687327125473107,0.0687877420510265,0.0687724856257544,0.0687033147210892,a
111.2,0.0652575324254188,0.0654360769522686,0.0654207534198769,0.0652178012804987,a
112.200900900901,0.0619874906491021,0.0622902005008693,0.0622750077372211,0.0619380091938574,a
113.201801801802,0.05892641439263,0.059351023422387,0.0593361109233745,0.0588678998475048,a
114.202702702703,0.056070644909735,0.0566129747647053,0.0565984519134677,0.0560038728050973,a
115.203603603604,0.0534118617521567,0.0540665782865374,0.0540525222840435,0.0533376150998557,a
116.204504504504,0.0509390794242047,0.0517002384255405,0.0516867012650143,0.0508581167142191,a
117.205405405405,0.0486400111276821,0.0495014377258439,0.049488452020851,0.0485530477057869,a
118.206306306306,0.0465019696268502,0.0474575125420573,0.0474450962398529,0.0464096681800515,a
119.207207207207,0.0445124402966671,0.0455561350494825,0.0455442951593682,0.0444154072967823,a
120.208108108108,0.0426594278059289,0.04378559544875,0.0437743309455285,0.0425582136875594,a
121.209009009009,0.0409316499177996,0.0421349511481616,0.0421242552072597,0.0408267514711825,a
122.20990990991,0.0393186302942625,0.040594089396391,0.0405839510990753,0.0392104942634195,a
123.210810810811,0.0378107262465754,0.0391537351563079,0.0391441407808279,0.0376997534802303,a
124.211711711712,0.0363991159395269,0.0378054256487022,0.0377963596411263,0.0362856656860986,a
125.212612612613,0.0350757615202991,0.0365414658039833,0.036532911503026,0.0349601556213961,a
126.213513513514,0.0338333590759372,0.0353548739328634,0.0353468141067553,0.0337158859198282,a
127.214414414414,0.0326652825117985,0.0342393235859399,0.0342317408262737,0.0325462006771867,a
128.215315315315,0.0315655258593994,0.0331890853278627,0.033181962334968,0.0314450674230381,a
129.216216216216,0.0305286467871956,0.032198970659016,0.0321922904453286,0.0304070202951415,a
130.217117117117,0.0295497129352326,0.0312642793359543,0.031258025367584,0.0294271060527095,a
131.218018018018,0.0286242519385268,0.0303807507054799,0.0303749069973765,0.0285008338014416,a
132.218918918919,0.0277482055162781,0.029544519262822,0.0295390704392575,0.0276241288110137,a
133.21981981982,0.0269178876966467,0.0287520743946399,0.0287470057239164,0.0267932904955875,a
134.220720720721,0.0261299470598036,0.0280002241201565,0.0279955215303044,0.0260049544392629,a
135.221621621622,0.025381332774502,0.0272860625632625,0.0272817126438619,0.0252560582400365,a
136.222522522523,0.0246692641478857,0.0266069408511361,0.0266029308451472,0.0245438108898655,a
137.223423423423,0.0239912033860315,0.0259604411248523,0.0259567589133944,0.0238656653860674,a
138.224324324324,0.0233448312613447,0.025344353354037,0.0253409874363313,0.02321929426793,a
139.225225225225,0.0227280253940778,0.0247566546638489,0.0247535941339898,0.0226025677836736,a
140.226126126126,0.0221388408734517,0.0241954909038932,0.0241927254256918,0.0220135344112864,a
141.227027027027,0.0215754929655611,0.0236591602121591,0.0236566799929829,0.0214504034786412,a
142.227927927928,0.0210363416781697,0.023146098350898,0.023143894115187,0.0209115296514215,a
143.228828828829,0.0205198779752335,0.022654865614412,0.022652928577365,0.0203953990802963,a
144.22972972973,0.0200247114556991,0.0221841351303757,0.0221824569721596,0.0199006170206644,a
145.230630630631,0.0195495593313427,0.0217326823962555,0.0217312552369845,0.0194258967586624,a
146.231531531532,0.019093236556937,0.0212993759104981,0.021298192286147,0.0189700496957882,a
147.232432432432,0.0186546469827924,0.0208831687744395,0.0208822216137967,0.0185319764613763,a
148.233333333333,0.0182327754147549,0.0204830911554197,0.0204823737581376,0.0181106589373025,a
149.234234234234,0.0178266804801497,0.0200982435144899,0.0200977495302595,0.0177051530927959,a
150.235135135135,0.0174354882100507,0.0197277905135155,0.0197275139223642,0.0173145825392102,a
151.236036036036,0.0170583862587797,0.0193709555265402,0.0193708906202373,0.0169381327251986,a
152.236936936937,0.0166946186908138,0.019027015689144,0.0190271570536829,0.0165750457020742,a
153.237837837838,0.0163434812734568,0.0186952974273139,0.0186956399264328,0.0162246153973658,a
154.238738738739,0.0160043172208152,0.0183751724141923,0.0183757111738903,0.0158861833418121,a
155.23963963964,0.0156765133409427,0.0180660539090764,0.0180667843030762,0.0155591348013964,a
156.240540540541,0.0153594965435678,0.0177673934383155,0.0177683110744251,0.0152428952716127,a
157.241441441441,0.0150527306707045,0.0174786777823888,0.0174797784897118,0.0149369272960637,a
158.242342342342,0.0147557136167284,0.01719942623751,0.0172007060544565,0.0146407275758045,a
159.243243243243,0.0144679747082819,0.0169291881236856,0.016930643286735,0.0143538243396441,a
160.244144144144,0.014189072317682,0.0166675405142934,0.0166691674474639,0.0140757749489485,a
161.245045045045,0.0139185916864323,0.0164140861650194,0.0164158814699994,0.0138061637134322,a
162.245945945946,0.0136561429380105,0.0161684516224245,0.0161704120693242,0.0135445998970101,a
163.246846846847,0.013401359261376,0.0159302854945646,0.0159324080132474,0.0132907158950661,a
164.247747747748,0.0131538952486426,0.0156992568679816,0.0157015385399379,0.013044165566506,a
165.248648648649,0.0129134253721335,0.0154750538570593,0.0154774919077878,0.012804622705745,a
166.24954954955,0.0126796425875995,0.01525738227322,0.0152599740650816,0.0125717796413501,a
167.25045045045,0.012452257051769,0.0150459644027461,0.0150487074282613,0.0123453459494541,a
168.251351351351,0.0122309949436235,0.0148405378831787,0.0148434297587375,0.0121250472712885,a
169.252252252252,0.0120155973798865,0.0146408546692702,0.0146438931292284,0.0119106242252804,a
170.253153153153,0.0118058194161758,0.0144466800803888,0.0144498629715249,0.0117018314051309,a
171.254054054054,0.0116014291261363,0.0142577919220848,0.0142611171983944,0.0114984364561543,a
172.254954954955,0.0114022067516294,0.0140739796752554,0.0140774453930595,0.0113002192229322,a
173.255855855856,0.0112079439177455,0.0138950437469892,0.013898648060338,0.0111069709620166,a
174.256756756757,0.0110184429070082,0.0137207947777501,0.0137245359341017,0.0109184936140343,a
175.257657657658,0.0108335159876874,0.0135510530000756,0.0135549293362324,0.0107345991300859,a
176.258558558559,0.0106529847916238,0.013385647644423,0.0133896575827092,0.0105551088478242,a
177.259459459459,0.0104766797374027,0.013224416388213,0.0132285584328783,0.0103798529130354,a
178.26036036036,0.0103044394951034,0.013067204844487,0.013071477578321,0.0102086697429353,a
179.261261261261,0.010136110489206,0.012913866086928,0.0129182681680738,0.010041405527746,a
180.262162162162,0.00997154643654507,0.0127642602082927,0.0127687903672459,0.00987791376743563,a
181.263063063063,0.00981060791648741,0.0126182539095695,0.0126229109463514,0.00971805484078563,a
182.263963963964,0.00965316197076337,0.0124757201174194,0.0124805028989147,0.0095616956042057,a
183.264864864865,0.00949908173061116,0.0123365376276746,0.0123414450851225,0.00940870901794847,a
184.265765765766,0.0093482460690997,0.0122005907728637,0.0122056218994935,0.00925897379758165,a
185.266666666667,0.00920053927668309,0.012067769111912,0.0120729229607152,0.0091123740887638,a
186.267567567568,0.00905585075820746,0.0119379671403234,0.0119432428219533,0.00896879916353895,a
187.268468468468,0.00891407474974457,0.0118110840192965,0.0118164807000886,0.00882814313651864,a
188.269369369369,0.00877511005376383,0.0116870233223579,0.0116925402224643,0.00869030469945828,a
189.27027027027,0.00863885979128017,0.0115656927982159,0.0115713291898457,0.00855518687286099,a
190.271171171171,0.00850523116972858,0.0114470041486424,0.0114527593544051,0.00842269677335565,a
191.272072072072,0.00837413526541938,0.0113308728202945,0.0113367462116368,0.00829274539569968,a
192.272972972973,0.00824548681952198,0.0112172178094692,0.0112232088052039,0.00816524740835113,a
193.273873873874,0.0081192040466103,0.0111059614788724,0.0111120695437915,0.00804012096164046,a
194.274774774775,0.00799520845488057,0.0109970293855523,0.0110032540291216,0.00791728750764991,a
195.275675675676,0.00787342467722324,0.0108903501192176,0.0108966908943478,0.00779667163098011,a
196.276576576577,0.00775378031239497,0.0107858551502202,0.0107923116521103,0.00767820088964765,a
197.277477477477,0.00763620577559605,0.0106834786865396,0.0106900505515898,0.00756180566541722,a
198.278378378378,0.00752063415781223,0.0105831575391568,0.0105898444439465,0.00744741902292545,a
199.279279279279,0.00740700109332916,0.0104848309952525,0.0104916326555809,0.00733497657700352,a
200.28018018018,0.00729524463487311,0.0103884406987064,0.0103953568686922,0.00722441636765049,a
201.281081081081,0.00718530513587247,0.0102939305374157,0.0103009610086532,0.00711567874215108,a
202.281981981982,0.00707712513937304,0.0102012465369842,0.0102083911377533,0.00700870624386967,a
203.282882882883,0.00697064927317426,0.0101103367603686,0.0101175953548969,0.00690344350728701,a
204.283783783784,0.00686582415078613,0.0100211512130986,0.0100285237008717,0.00679983715887848,a
205.284684684685,0.00676259827783545,0.00993364175371349,0.00994112806883286,0.00669783572346217,a
206.285585585586,0.00666092196357732,0.00984776200908625,0.00985536211967223,0.00659738953567203,a
207.286486486486,0.00656074723719279,0.00976346729432714,0.00977118120196497,0.00649845065623676,a
208.287387387387,0.00646202776857625,0.00968071453698272,0.00968854227621023,0.00640097279276784,a
209.288288288288,0.00636471879333777,0.00959946220526457,0.00960740384309978,0.0063049112247815,a
210.289189189189,0.00626877704176476,0.00951967024006129,0.00952772587556848,0.00621022273269943,a
211.29009009009,0.00617416067150578,0.00944129999050417,0.00944946975439702,0.00611686553059062,a
212.290990990991,0.00608082920375595,0.00936431415287254,0.00937259820715312,0.00602479920243443,a
213.291891891892,0.00598874346273898,0.00928867671263956,0.00929707525027194,0.00593398464169996,a
214.292792792793,0.00589786551829547,0.0092143528894724,0.00922286613408983,0.00584438399405183,a
215.293693693694,0.00580815863140027,0.00914130908501329,0.00914993729065791,0.00575596060300565,a
216.294594594595,0.00571958720244457,0.00906951283327949,0.00907825628417369,0.00566867895836958,a
217.295495495495,0.00563211672212975,0.00899893275353077,0.0090077917638793,0.00558250464731981,a
218.296396396396,0.00554571372483139,0.00892953850546286,0.00893851341928499,0.00549740430796893,a
219.297297297297,0.00546034574430155,0.00886130074659468,0.00887039193758565,0.00541334558529682,a
220.298198198198,0.00537598127158766,0.00879419109172538,0.00880339896314652,0.00533029708932318,a
221.299099099099,0.00529258971505507,0.00872818207434535,0.00873750705894227,0.0052482283554102,a
222.3,0.00521014136240913,0.00866324710989254,0.00867268966984096,0.0051671098065928,a
223.300900900901,0.00512860734462081,0.00859936046075238,0.00860892108763109,0.00508691271784198,a
224.301801801802,0.00504795960166776,0.00853649720290579,0.00854617641769625,0.00500760918217508,a
225.302702702703,0.00496817085001018,0.00847463319413579,0.00848443154724829,0.00492917207853447,a
226.303603603604,0.00488921455172821,0.00841374504370867,0.00842366311503447,0.00485157504136345,a
227.304504504504,0.00481106488525459,0.00835381008345079,0.0083638484824402,0.00477479243181583,a
228.305405405405,0.00473369671764333,0.00829480634014691,0.00830496570591302,0.00469879931054252,a
229.306306306306,0.00465708557832191,0.00823671250919024,0.00824699351063825,0.00462357141200588,a
230.307207207207,0.00458120763428143,0.00817950792941889,0.00818991126540087,0.0045490851202795,a
231.308108108108,0.00450603966666608,0.00812317255907679,0.00813369895857191,0.00447531744629848,a
232.309009009009,0.00443155904873004,0.00806768695284139,0.00807833717516153,0.00440224600653248,a
233.30990990991,0.00435774372513755,0.00801303223986311,0.00802380707488403,0.00432984900306167,a
234.310810810811,0.0042845721925888,0.00795919010276538,0.00797009037118341,0.00425810520504322,a
235.311711711712,0.00421202348176271,0.00790614275755661,0.00791716931117116,0.00418699393156469,a
236.312612612613,0.00414007714057542,0.00785387293440839,0.00786502665643029,0.00411649503588921,a
237.313513513513,0.00406871321876276,0.00780236385925669,0.00781364566464278,0.00404658889110706,a
238.314414414414,0.00399791225380403,0.00775159923618548,0.00776301007199964,0.00397725637721822,a
239.315315315315,0.00392765525821543,0.00770156323055426,0.00771310407635518,0.00390847886968195,a
240.316216216216,0.00385792370825285,0.00765224045283317,0.00766391232108934,0.00384023822948162,a
241.317117117117,0.00378869953407643,0.00760361594311146,0.00761541987964371,0.00377251679476663,a
242.318018018018,0.00371996511144412,0.00755567515624688,0.00756761224069899,0.00370529737414866,a
243.318918918919,0.00365170325501719,0.00750840394762531,0.00752047529396322,0.00363856324174643,a
244.31981981982,0.00358389721337948,0.00746178855950169,0.00747399531654187,0.00357229813409258,a
245.320720720721,0.00351653066589264,0.00741581560789484,0.00742815895986242,0.00350648624903832,a
246.321621621622,0.0034495877215341,0.00737047207001004,0.00738295323712747,0.0034411122468162,a
247.322522522523,0.00338305291989167,0.00732574527216513,0.00733836551127195,0.00337616125345055,a
248.323423423423,0.00331691123452094,0.00728162287819644,0.00729438348340113,0.00331161886673762,a
249.324324324324,0.0032511480789086,0.00723809287832275,0.00725099518168741,0.00324747116505583,a
250.325225225225,0.00318574931532791,0.00719514357844634,0.00720818895070504,0.00318370471931068,a
251.326126126126,0.00312070126692338,0.00715276358987114,0.00716595344118312,0.00312030660836973,a
252.327027027027,0.0030559907334207,0.00711094181941933,0.00712427760015784,0.00305726443840354,a
253.327927927928,0.00299160501092834,0.00706966745992845,0.00708315066150657,0.00299456636661752,a
254.328828828829,0.00292753191637924,0.00702892998111209,0.00704256213684651,0.00293220112994221,a
255.32972972973,0.00286375981725966,0.00698871912076812,0.00700250180678224,0.00287015807934531,a
256.330630630631,0.00280027766738805,0.00694902487631903,0.00696295971248672,0.00280842722054281,a
257.331531531532,0.0027370750496463,0.00690983749667007,0.00692392614760138,0.00274699926202003,a
258.332432432432,0.00267414222673165,0.00687114747437115,0.00688539165044166,0.00268586567143304,a
259.333333333333,0.00261147020119739,0.00683294553806962,0.00684734699649478,0.00262501874164894,a
260.334234234234,0.00254905078629057,0.00679522264524122,0.00680978319119752,0.00256445166790851,a
261.335135135135,0.00248687668938529,0.00675796997518749,0.00677269146298224,0.00250415863786244,a
262.336036036036,0.00242494161016159,0.00672117892228828,0.00673606325657972,0.00244413493655255,a
263.336936936937,0.00236324035610699,0.00668484108949856,0.00669989022656847,0.00238437706879321,a
264.337837837838,0.00230176897843774,0.00664894828207941,0.00666416423116024,0.00232488290186801,a
265.338738738739,0.00224052493217279,0.00661349250155328,0.00662887732621198,0.00226565183201004,a
266.33963963964,0.00217950726487146,0.00657846593987435,0.00659402175945538,0.00220668497879973,a
267.340540540541,0.00211871683950229,0.00654386097380509,0.00655958996493493,0.00214798541241506,a
268.341441441441,0.00205815659808676,0.00650967015949056,0.00652557455764652,0.00208955841963539,a
269.342342342342,0.00199783187421286,0.00647588622722241,0.00649196832836841,0.00203141181566255,a
270.343243243243,0.00193775076430489,0.00644250207638488,0.00645876423867719,0.00197355631022309,a
271.344144144144,0.00187792456975103,0.00640951077057556,0.00642595541614165,0.00191600593809625,a
272.345045045045,0.00181836832472756,0.0063769055328938,0.00639353514968748,0.00185877856622347,a
273.345945945946,0.00175910142793967,0.00634467974139016,0.00636149688512668,0.00180189649194906,a
274.346846846847,0.00170014840066256,0.00631282692467048,0.00632983422084517,0.00174538714976635,a
275.347747747748,0.00164153979857269,0.00628134075764862,0.00629854090364295,0.00168928394723728,a
276.348648648649,0.00158331331107067,0.00625021505744179,0.00626761082472117,0.00163362725452378,a
277.34954954955,0.00152551508926562,0.00621944377940326,0.00623703801581077,0.00157846557616738,a
278.35045045045,0.00146820135260078,0.00618902101328677,0.00620681664543768,0.00152385693822432,a
279.351351351351,0.00141144033418501,0.0061589409795379,0.00617694101531973,0.00146987052827067,a
280.352252252252,0.00135531463587391,0.00612919802570723,0.00614740555689078,0.00141658862949257,a
281.353153153153,0.0012999240750393,0.00609978662298098,0.00611820482794772,0.00136410889193856,a
282.354054054054,0.00124538911372458,0.00607070136282434,0.00608933350941624,0.00131254698213039,a
283.354954954955,0.00119185496360354,0.00604193695373352,0.00606078640223143,0.00126203964354209,a
284.355855855856,0.00113949644987066,0.00601348821809225,0.00603255842432961,0.00121274818021989,a
285.356756756757,0.00108852368209094,0.00598535008912897,0.0060046446077479,0.00116486233700651,a
286.357657657658,0.00103918850117304,0.00595751760797094,0.00597704009582821,0.00111860448264285,a
287.358558558559,0.000991791520532085,0.00592998592079153,0.00594974014052251,0.00107423389385567,a
288.35945945946,0.000946689317370249,0.00590275027604762,0.00592274009979666,0.00103205077545198,a
289.36036036036,0.000904300912400884,0.00587580602180347,0.00589603543512982,0.000992399422549617,a
290.361261261261,0.00086511207128479,0.00584914860313805,0.00586962170910704,0.000955669638296541,a
291.362162162162,0.000829675192139211,0.00582277355963296,0.00584349458310274,0.000922295195676068,a
292.363063063063,0.000798601767783458,0.0057966765229377,0.00581764981505256,0.000892747861120448,a
293.363963963964,0.00077254401807842,0.00577085321440993,0.00579208325731189,0.000867525441967716,a
294.364864864865,0.000752162939246188,0.0057452994428277,0.00576679085459909,0.000847132710315981,a
295.365765765766,0.000738082461292425,0.00572001110217129,0.00574176864202154,0.000832055120677937,a
296.366666666667,0.000730833884149641,0.0056949841694722,0.00571701274318328,0.000822727035513539,a
297.367567567568,0.000730800170435586,0.00567021470272683,0.00569251936837271,0.000819498370522914,a
298.368468468469,0.000738173267170233,0.00564569883887271,0.0056682848128292,0.000822605357392017,a
299.369369369369,0.000752936361915175,0.00562143279182503,0.00564430545508763,0.000832151458739301,a
300.37027027027,0.000774876122705288,0.00559741285057142,0.00562057775540002,0.000848102733072495,a
301.371171171171,0.000803620577307936,0.00557363537732297,0.00559709825423368,0.000870298525019571,a
302.372072072072,0.000838691295698152,0.00555009680571956,0.00557386357084531,0.000898474616396043,a
303.372972972973,0.000879557010052196,0.00552679363908764,0.00555087040193095,0.000932293464945902,a
304.373873873874,0.000925679076139991,0.00550372244874872,0.00552811552035168,0.000971375666005619,a
305.374774774775,0.000976544313309359,0.00548087987237685,0.00550559577393525,0.00101532800752328,a
306.375675675676,0.00103168510157736,0.00545826261240335,0.00548330808435409,0.00106376551774935,a
307.376576576577,0.00109068906243689,0.00543586743446737,0.00546124944608033,0.00111632681959019,a
308.377477477477,0.00115320139468778,0.00541369116591069,0.00543941692541883,0.00117268341346678,a
309.378378378378,0.00121892266306989,0.00539173069431517,0.00541780765961932,0.00123254414256195,a
310.379279279279,0.00128760416665904,0.00536998296608167,0.00539641885606922,0.00129565621865904,a
311.38018018018,0.00135904231921227,0.00534844498504892,0.00537524779156892,0.00136180402516221,a
312.381081081081,0.00143307291276625,0.0053271138111511,0.0053542918116918,0.00143080664259866,a
313.381981981982,0.00150956573992542,0.00530598655911281,0.00533354833023135,0.0015025147668726,a
314.382882882883,0.00158841979560636,0.00528506039718032,0.00531301482873852,0.00157680746014625,a
315.383783783784,0.00166955912748946,0.00526433254588783,0.0052926888561526,0.0016535890012196,a
316.384684684685,0.00175292932146368,0.00524380027685772,0.00527256802852963,0.00173278598190205,a
317.385585585586,0.00183849456791622,0.00522346091163357,0.00525265002887264,0.00181434471712524,a
318.386486486487,0.0019262352391393,0.00520331182054506,0.00523293260706882,0.00189822898798755,a
319.387387387387,0.00201614590616289,0.00518335042160368,0.0052134135799394,0.00198441810895204,a
320.388288288288,0.00210823372818717,0.00516357417942813,0.00519409083140845,0.00207290529582949,a
321.389189189189,0.00220251715556674,0.00514398060419886,0.00517496231279796,0.00216369630490024,a
322.39009009009,0.00229902489584728,0.00512456725064033,0.00515602604325725,0.00225680831216916,a
323.390990990991,0.00239779510058149,0.00510533171703065,0.00513728011033591,0.002352269003121,a
324.391891891892,0.00249887473806352,0.00508627164423732,0.00511872267071027,0.00245011584608821,a
325.392792792793,0.00260231912355566,0.00506738471477851,0.00510035195107514,0.00255039552564485,a
326.393693693694,0.00270819158404676,0.00504866865190909,0.00508216624921351,0.00265316351583159,a
327.394594594595,0.00281656323916542,0.00503012121873052,0.00506416393525863,0.00275848377625161,a
328.395495495496,0.00292751288368947,0.00501174021732397,0.00504634345316482,0.00286642855703537,a
329.396396396396,0.00304112696027033,0.004993523487906,0.00502870332240509,0.00297707830131659,a
330.397297297297,0.0031574996136389,0.00497546890800604,0.00501124213991605,0.00309052163619476,a
331.398198198198,0.0032767328197803,0.004957574391665,0.00499395858231312,0.00320685544520633,a
332.399099099099,0.00339893658544552,0.00493983788865453,0.00497685140840205,0.00332618501712468,a
333.4,0.00352422921497988,0.00492225738371613,0.00495991946201583,0.00344862426749658,a
334.400900900901,0.003652737642855,0.0049048308958196,0.00494316167521009,0.0035742960307391,a
335.401801801802,0.00378459783154244,0.00488755647744034,0.0049265770718542,0.00370333242190332,a
336.402702702703,0.00391995523550654,0.00487043221385481,0.00491016477166039,0.00383587526839186,a
337.403603603604,0.00405896533315936,0.00485345622245363,0.00489392399469861,0.00397207661302859,a
338.404504504505,0.00420179422964186,0.00483662665207198,0.00487785406645161,0.00411209929094782,a
339.405405405405,0.00434861933430249,0.00481994168233658,0.00486195442347207,0.00425611758382359,a
340.406306306306,0.00449963011776088,0.00480339952302885,0.00484622461971217,0.0044043179560205,a
341.407207207207,0.00465502895449614,0.00478699841346388,0.00483066433360626,0.00455689987834111,a
342.408108108108,0.00481503205800734,0.00477073662188459,0.00481527337599872,0.00471407674619235,a
343.409009009009,0.00497987051678271,0.00475461244487076,0.00480005169902261,0.00487607690021916,a
344.40990990991,0.00514979144060642,0.0047386242067625,0.00478499940605068,0.00504314475878107,a
345.410810810811,0.00532505922815269,0.0047227702590977,0.00477011676285864,0.00521554207310267,a
346.411711711712,0.00550595696839285,0.00470704898006307,0.00475540421016235,0.00539354931753808,a
347.412612612613,0.0056927879901018,0.00469145877395848,0.00474086237771599,0.00557746722918477,a
348.413513513514,0.00588587757572564,0.00467599807067411,0.0047264921001886,0.00576761851309337,a
349.414414414414,0.0060855748581027,0.00466066532518008,0.00471229443507184,0.00596434973158871,a
350.415315315315,0.00629225492104968,0.0046454590170283,0.00469827068291428,0.00616803339878006,a
351.416216216216,0.00650632112768464,0.00463037764986612,0.00468442241022795,0.00637907030424672,a
352.417117117117,0.00672820770360523,0.00461541975096139,0.00467075147547339,0.00659789209318876,a
353.418018018018,0.00695838260573186,0.00460058387073885,0.00465726005860178,0.00682496413409085,a
354.418918918919,0.00719735071182742,0.00458586858232724,0.00464395069472007,0.00706078870922939,a
355.41981981982,0.00744565737048214,0.00457127248111709,0.00463082631255073,0.00730590856822893,a
356.420720720721,0.00770389235678572,0.00455679418432875,0.00461789027848604,0.0075609108904267,a
357.421621621622,0.00797269428507795,0.00454243233059043,0.00460514644719306,0.00782643170812298,a
358.422522522523,0.00825275553715708,0.00452818557952606,0.00459259921991751,0.00810316084996737,a
359.423423423423,0.00854482777222056,0.00451405261135247,0.00458025361187034,0.00839184747185839,a
360.424324324324,0.00884972809368854,0.00450003212648595,0.00456811533037293,0.00869330625189899,a
361.425225225225,0.00916834595797999,0.00448612284515776,0.00455619086579944,0.0090084243362357,a
362.426126126126,0.00950165092130366,0.00447232350703829,0.00454448759780844,0.00933816913406208,a
363.427027027027,0.00985070133255917,0.00445863287086984,0.00453301391992581,0.00968359707268374,a
364.427927927928,0.0102166540934003,0.00444504971410767,0.00452177938626167,0.0100458634372385,a
365.428828828829,0.01060077562012,0.00443157283256906,0.00451079488506075,0.0104262334342136,a
366.42972972973,0.011004454155775,0.0044182010400903,0.00450007284495992,0.0108260946328564,a
367.430630630631,0.0114292135940246,0.0044049331681913,0.0044896274813405,0.011246970953159,a
368.431531531532,0.011876728987123,0.00439176806574766,0.00447947509212962,0.0116905383820097,a
369.432432432432,0.0123488439171944,0.00437870459867001,0.00446963441497963,0.0121586426082776,a
370.433333333333,0.0128475899089357,0.00436574164959046,0.00446012706115266,0.0126533187697877,a
371.434234234234,0.0133752080480777,0.00435287811755586,0.00445097804596199,0.0131768134953718,a
372.435135135135,0.0139341729354801,0.00434011291772789,0.00444221644170256,0.01373160939586,a
373.436036036036,0.0145272190399285,0.00432744498108961,0.00443387618725677,0.0143204520975748,a
374.436936936937,0.015157369396112,0.00431487325415845,0.00442599709988349,0.014946379803468,a
375.437837837838,0.0158279664019917,0.00430239669870537,0.00441862615040824,0.0156127551849228,a
376.438738738739,0.0165427041636333,0.00429001429148014,0.00441181908509719,0.0163232991135209,a
377.43963963964,0.0173056613594081,0.00427772502394252,0.00440564250889979,0.0170821252807086,a
378.440540540541,0.0181213328672611,0.00426552790199915,0.00440017659007539,0.0178937740420132,a
379.441441441441,0.0189946572995497,0.00425342194574615,0.00439551861267185,0.0187632427413052,a
380.442342342342,0.0199310359491153,0.00424140618921711,0.00439178770238888,0.0196960081463291,a
381.443243243243,0.0209363362264829,0.00422947968013653,0.00438913120176542,0.0206980342127359,a
382.444144144144,0.0220168691278635,0.00421764147967835,0.00438773340361421,0.0217757548462755,a
383.445045045045,0.0231793251716285,0.0042058906622297,0.00438782772058092,0.0229360161874763,a
384.445945945946,0.0244306460157853,0.00419422631515949,0.00438971396743223,0.0241859556057537,a
385.446846846847,0.0257777989845507,0.00418264753859193,0.00439378343104525,0.0255327843691538,a
386.447747747748,0.0272274084270443,0.00417115344518471,0.00440055611927988,0.0269834272027892,a
387.448648648649,0.0287851810976736,0.00415974315991186,0.00441073763311596,0.0285439544257996,a
388.44954954955,0.0304550437518443,0.00414841581985103,0.00442530875431064,0.0302187220581128,a
389.45045045045,0.0322378939172808,0.00413717057397518,0.00444567176679237,0.0320091160641485,a
390.451351351351,0.0341298589409649,0.00412600658294864,0.00447389979362799,0.0339117883083099,a
391.452252252252,0.0361199830844079,0.00411492301892717,0.00451318365457713,0.0359162933734175,a
392.453153153153,0.0381873504056103,0.00410391906536233,0.00456868310687604,0.038002121297695,a
393.454054054054,0.0402978484528834,0.00409299391680961,0.00464927546799023,0.0401353208149586,a
394.454954954955,0.0424011283242234,0.00408214677874063,0.00477150907773329,0.0422652704100785,a
395.455855855856,0.0444288149323751,0.00407137686735904,0.00496974721606101,0.0443226813708059,a
396.456756756757,0.0462955239490978,0.00406068340942015,0.00532721525432418,0.0462204650457183,a
397.457657657658,0.0479043782130991,0.00405006564205419,0.00610034202630718,0.0478592766205026,a
398.458558558559,0.0491579420971073,0.0040395228125931,0.00853377948069806,0.0491387696281456,a
399.459459459459,0.0499734831703205,0.00402905417840082,0.0499734831703205,0.0499734831703205,c
400.46036036036,0.0502987891486667,0.00401865900670688,0.00748236427903576,0.0503094104152327,a
401.461261261261,0.0501231005755771,0.00400833657444332,0.00428391571676557,0.0501354748950856,a
402.462162162162,0.04947880637333,0.00399808616808487,0.00378219159432273,0.0494852769286492,a
403.463063063063,0.0484333188225703,0.00398790708349222,0.00367834258046355,0.0484285074531765,a
404.463963963964,0.0470746480209092,0.00397779862575841,0.00366226334184626,0.0470558081484165,a
405.464864864865,0.045496009629805,0.0039677601090582,0.00366848983890418,0.0454627454420276,a
406.465765765766,0.0437837242416879,0.00395779085650035,0.0036796508032652,0.0437373541503968,a
407.466666666667,0.0420101574673724,0.00394789019998288,0.00369060513095892,0.0419530073936393,a
408.467567567568,0.0402312787064591,0.00393805748005097,0.00369986444291308,0.0401660877507535,a
409.468468468468,0.0384873792151009,0.00392829204575777,0.00370713201249056,0.0384168852602714,a
410.469369369369,0.0368054234722563,0.00391859325452776,0.00371250538386673,0.036732120126709,a
411.47027027027,0.0352019090745752,0.00390896047202283,0.003716198192669,0.0351279328074312,a
412.471171171171,0.0336855831175056,0.00389939307201083,0.00371844047101888,0.03361268534429,a
413.472072072072,0.0322597257894464,0.0038898904362367,0.003719444341719,0.0321892932489734,a
414.472972972973,0.0309239326766892,0.00388045195429603,0.00371939443525153,0.0308570308123327,a
415.473873873874,0.0296754371382951,0.00387107702351098,0.00371844756581162,0.0296128609548454,a
416.474774774775,0.0285100550582959,0.0038617650488086,0.00371673559030823,0.0284523789081771,a
417.475675675676,0.0274228391190369,0.00385251544260139,0.00371436905015223,0.0273704613390169,a
418.476576576577,0.0264085189618033,0.00384332762467016,0.00371144068258628,0.026361699898705,a
419.477477477477,0.0254617882263909,0.003834201022049,0.00370802849762801,0.0254206815935863,a
420.478378378378,0.0245774846025833,0.00382513506891248,0.00370419836284038,0.0245421627763067,a
421.479279279279,0.0237506965839491,0.00381612920646488,0.00370000613142244,0.0237211706989204,a
422.48018018018,0.0229768209385647,0.00380718288283153,0.00369549937816936,0.0229530566736954,a
423.481081081081,0.022251587711462,0.00379829555295213,0.00369071881076085,0.0222335175839234,a
424.481981981982,0.0215710643661957,0.00378946667847602,0.00368569941704893,0.0215585972396727,a
425.482882882883,0.0209316469787003,0.00378069572765939,0.00368047139953039,0.0209246753723184,a
426.483783783784,0.020330043811859,0.0037719821752644,0.00367506093884682,0.0203284494856793,a
427.484684684685,0.0197632548096848,0.00376332550246009,0.00366949081996684,0.0197669130069109,a
428.485585585586,0.0192285493217818,0.00375472519672513,0.0036637809479027,0.0192373319681418,a
429.486486486487,0.0187234435324653,0.00374618075175233,0.00365794877431559,0.0187372216285576,a
430.487387387387,0.0182456785041886,0.00373769166735484,0.00365200965198359,0.0182643238949175,a
431.488288288288,0.0177931993671741,0.00372925744937413,0.00364597713064382,0.0178165860315926,a
432.489189189189,0.0173641359374859,0.0037208776095895,0.0036398632049902,0.0173921409103487,a
433.49009009009,0.0169567848834019,0.00371255166562934,0.00363367852345816,0.0169892888947407,a
434.490990990991,0.0165695934567238,0.00370427914088387,0.00362743256473151,0.0166064813563154,a
435.491891891892,0.0162011447422711,0.00369605956441952,0.00362113378756589,0.0162423057607568,a
436.492792792793,0.0158501443419891,0.00368789247089479,0.00361478975846023,0.0158954722286904,a
437.493693693694,0.0155154083908268,0.00367977740047756,0.00360840726086194,0.0155648014592082,a
438.494594594595,0.0151958527936502,0.00367171389876397,0.00360199238891609,0.0152492138983324,a
439.495495495496,0.0148904835717773,0.0036637015166986,0.00359555062822729,0.014947720035534,a
440.496396396396,0.014598388211461,0.00365573981049619,0.00358908692566729,0.0146594117163918,a
441.497297297297,0.0143187279129216,0.00364782834156458,0.00358260574990899,0.0143834543666963,a
442.498198198198,0.0140507306461133,0.00363996667642913,0.00357611114408171,0.0141190800316299,a
443.499099099099,0.0137936849275038,0.00363215438665837,0.00356960677171001,0.0138655811423137,a
444.5,0.0135469342402356,0.00362439104879098,0.00356309595690746,0.0136223049305483,a
445.500900900901,0.0133098720278271,0.00361667624426402,0.00355658171964105,0.0133886484207102,a
446.501801801802,0.0130819371988752,0.00360900955934241,0.00355006680675273,0.0131640539353381,a
447.502702702703,0.0128626100869597,0.00360139058504959,0.00354355371931816,0.0129480050578892,a
448.503603603604,0.0126514088160858,0.00359381891709944,0.00353704473683443,0.0127400230024465,a
449.504504504504,0.0124478860275359,0.00358629415582927,0.00353054193865477,0.0125396633458202,a
450.505405405405,0.0122516259289737,0.00357881590613403,0.00352404722302688,0.0123465130825561,a
451.506306306306,0.0120622416310712,0.00357138377740165,0.00351756232403984,0.012160187967871,a
452.507207207207,0.0118793727408733,0.00356399738344936,0.00351108882674122,0.0119803301175375,a
453.508108108108,0.0117026831846076,0.00355665634246123,0.00350462818064944,0.0118066058372816,a
454.509009009009,0.0115318592357418,0.00354936027692668,0.00349818171185541,0.0116387036573894,a
455.50990990991,0.0113666077268265,0.00354210881358007,0.00349175063388139,0.01147633255098,a
456.510810810811,0.0112066544260741,0.00353490158334122,0.00348533605744242,0.0113192203168409,a
457.511711711712,0.0110517425617612,0.00352773822125708,0.00347893899923676,0.0111671121098718,a
458.512612612613,0.0109016314794211,0.00352061836644417,0.00347256038987548,0.0110197691040782,a
459.513513513513,0.0107560954184555,0.00351354166203218,0.00346620108104721,0.0108769672747288,a
460.514414414414,0.0106149223962631,0.00350650775510835,0.00345986185200223,0.0107384962877644,a
461.515315315315,0.0104779131892784,0.00349951629666287,0.00345354341542958,0.0106041584858502,a
462.516216216216,0.0103448804014583,0.00349256694153513,0.00344724642279185,0.0104737679616102,a
463.517117117117,0.010215647611769,0.00348565934836084,0.00344097146917487,0.0103471497096037,a
464.518018018018,0.0100900485931223,0.0034787931795201,0.00343471909770232,0.0102241388494965,a
465.518918918919,0.00996792659600391,0.00347196810108621,0.00342848980355998,0.0101045799136826,a
466.51981981982,0.00984913369074154,0.00346518378277543,0.00342228403766869,0.00998832619331118,a
467.520720720721,0.009733530162985,0.00345843989789743,0.00341610221004107,0.00987523913730318,a
468.521621621622,0.00962098395752618,0.00345173612330668,0.00340994469285301,0.00976518779949672,a
469.522522522523,0.00951137016607998,0.0034450721393545,0.00340381182325737,0.00965804832955252,a
470.523423423423,0.00940457055508665,0.00343844762984198,0.00339770390596461,0.00955370350369172,a
471.524324324324,0.00930047312998768,0.00343186228197362,0.00339162121561229,0.00945204229172854,a
472.525225225225,0.00919897173277595,0.0034253157863117,0.00338556399894303,0.00935295945720931,a
473.526126126126,0.0090999656699331,0.00341880783673142,0.00337953247680846,0.00925635518778065,a
474.527027027027,0.00900335936814484,0.0034123381303767,0.00337352684601505,0.0091621347531874,a
475.527927927928,0.00890906205543491,0.00340590636761674,0.00336754728102596,0.0090702081885501,a
476.528828828829,0.00881698746558093,0.00339951225200328,0.0033615939355315,0.00898049000079408,a
477.52972972973,0.00872705356387569,0.00339315549022841,0.00335566694389982,0.00889289889630184,a
478.530630630631,0.00863918229247709,0.00338683579208325,0.00334976642251821,0.00880735752803985,a
479.531531531532,0.00855329933375091,0.00338055287041711,0.00334389247103415,0.0087237922605713,a
480.532432432432,0.00846933389015615,0.00337430644109736,0.00333804517350475,0.00864213295151122,a
481.533333333333,0.00838721847935268,0.00336809622296995,0.00333222459946212,0.00856231274811042,a
482.534234234234,0.00830688874332912,0.00336192193782049,0.00332643080490171,0.00848426789777212,a
483.535135135135,0.00822828327045481,0.00335578331033599,0.00332066383319968,0.00840793757141073,a
484.536036036036,0.00815134342945554,0.00334968006806718,0.00331492371596532,0.00833326369865788,a
485.536936936937,0.00807601321439928,0.00334361194139139,0.00330921047383345,0.00826019081400678,a
486.537837837838,0.00800223909985697,0.00333757866347601,0.00330352411720168,0.00818866591306464,a
487.538738738739,0.00792996990547358,0.00333157997024257,0.00329786464691681,0.00811863831815274,a
488.53963963964,0.00785915666924995,0.00332561560033131,0.0032922320549142,0.00805005955255846,a
489.540540540541,0.00778975252889327,0.00331968529506629,0.00328662632481389,0.00798288322280125,a
490.541441441441,0.00772171261064799,0.00331378879842111,0.00328104743247661,0.0079170649083275,a
491.542342342342,0.00765499392506641,0.00330792585698503,0.00327549534652271,0.00785256205809701,a
492.543243243243,0.00758955526922238,0.00330209621992976,0.00326997002881679,0.00778933389356754,a
493.544144144144,0.00752535713491135,0.00329629963897661,0.00326447143492052,0.00772734131762341,a
494.545045045045,0.00746236162241634,0.00329053586836425,0.00325899951451604,0.00766654682903049,a
495.545945945946,0.00740053235945251,0.00328480466481685,0.00325355421180195,0.00760691444203278,a
496.546846846847,0.00733983442493347,0.00327910578751283,0.00324813546586391,0.00754840961073584,a
497.547747747748,0.00728023427722985,0.00327343899805396,0.00324274321102169,0.00749099915794993,a
498.548648648649,0.00722169968661622,0.00326780406043497,0.0032373773771542,0.00743465120819092,a
499.54954954955,0.00716419967162529,0.00326220074101367,0.00323203789000419,0.00737933512455971,a
500.55045045045,0.00710770443904976,0.00325662880848141,0.00322672467146387,0.00732502144924241,a
501.551351351351,0.00705218532735151,0.00325108803383406,0.00322143763984287,0.00727168184739254,a
502.552252252252,0.00699761475325559,0.00324557819034341,0.00321617671011963,0.00721928905417419,a
503.553153153153,0.00694396616132288,0.00324009905352893,0.00321094179417744,0.00716781682476164,a
504.554054054054,0.00689121397631028,0.00323465040113005,0.00320573280102612,0.00711723988710539,a
505.554954954955,0.00683933355814115,0.00322923201307879,0.00320054963701016,0.00706753389728878,a
506.555855855856,0.00678830115932131,0.00322384367147275,0.00319539220600449,0.00701867539731165,a
507.556756756757,0.00673809388464774,0.00321848516054863,0.00319026040959832,0.00697064177514912,a
508.557657657658,0.00668868965306776,0.00321315626665595,0.00318515414726819,0.0069234112269446,a
509.558558558559,0.00664006716155656,0.00320785677823136,0.0031800733165406,0.0068769627212055,a
510.55945945946,0.00659220585088985,0.00320258648577314,0.00317501781314514,0.00683127596487974,a
511.56036036036,0.00654508587319725,0.0031973451818162,0.00316998753115848,0.00678633137119909,a
512.561261261261,0.00649868806118935,0.00319213266090737,0.00316498236314004,0.00674211002918348,a
513.562162162162,0.00645299389895919,0.00318694871958109,0.00316000220025964,0.0066985936747074,a
514.563063063063,0.00640798549426491,0.00318179315633541,0.00315504693241776,0.00665576466303623,a
515.563963963964,0.00636364555220715,0.00317666577160839,0.0031501164483588,0.00661360594274635,a
516.564864864865,0.00631995735022005,0.00317156636775476,0.00314521063577779,0.00657210103094885,a
517.565765765766,0.00627690471430018,0.00316649474902302,0.00314032938142094,0.00653123398974152,a
518.566666666667,0.00623447199640274,0.00316145072153273,0.0031354725711804,0.00649098940381911,a
519.567567567568,0.00619264405293862,0.0031564340932523,0.00313064009018357,0.00645135235917596,a
520.568468468468,0.00615140622431058,0.00315144467397689,0.0031258318228773,0.00641230842283976,a
521.569369369369,0.0061107443154304,0.00314648227530684,0.00312104765310722,0.00637384362357867,a
522.57027027027,0.00607064457716256,0.00314154671062619,0.00311628746419264,0.00633594443352798,a
523.571171171171,0.00603109368864369,0.00313663779508169,0.00311155113899702,0.00629859775068565,a
524.572072072072,0.00599207874042971,0.003131755345562,0.00310683855999456,0.00626179088222945,a
525.572972972973,0.00595358721842602,0.00312689918067717,0.00310214960933289,0.00622551152861103,a
526.573873873874,0.00591560698855854,0.00312206912073851,0.00309748416889221,0.00618974776838532,a
527.574774774775,0.00587812628214597,0.00311726498773864,0.0030928421203411,0.00615448804373578,a
528.575675675676,0.00584113368193613,0.00311248660533184,0.00308822334518905,0.00611972114665903,a
529.576576576577,0.00580461810877162,0.00310773379881472,0.00308362772483607,0.00608543620577372,a
530.577477477477,0.00576856880885151,0.0031030063951071,0.00307905514061943,0.00605162267372143,a
531.578378378378,0.00573297534155854,0.00309830422273322,0.00307450547385769,0.00601827031512869,a
532.579279279279,0.00569782756782243,0.00309362711180311,0.00306997860589222,0.0059853691951014,a
533.58018018018,0.005663115638992,0.00308897489399435,0.00306547441812636,0.0059529096682243,a
534.581081081081,0.00562882998619015,0.00308434740253395,0.00306099279206224,0.00592088236803997,a
535.581981981982,0.00559496131012748,0.00307974447218055,0.00305653360933556,0.00588927819698325,a
536.582882882883,0.00556150057135136,0.00307516593920688,0.00305209675174825,0.00585808831674812,a
537.583783783784,0.00552843898090893,0.00307061164138241,0.00304768210129927,0.00582730413906571,a
538.584684684685,0.00549576799140356,0.00306608141795624,0.00304328954021359,0.00579691731687317,a
539.585585585586,0.00546347928842528,0.00306157510964029,0.00303891895096948,0.00576691973585409,a
540.586486486486,0.00543156478233714,0.0030570925585926,0.0030345702163241,0.00573730350633261,a
541.587387387387,0.00540001660040009,0.00305263360840098,0.00303024321933766,0.00570806095550388,a
542.588288288288,0.00536882707922016,0.0030481981040668,0.00302593784339607,0.00567918461998497,a
543.589189189189,0.0053379887575024,0.00304378589198903,0.00302165397223215,0.00565066723867075,a
544.59009009009,0.00530749436909717,0.00303939681994848,0.00301739148994571,0.00562250174588039,a
545.590990990991,0.0052773368363248,0.00303503073709228,0.00301315028102219,0.00559468126478081,a
546.591891891892,0.00524750926356555,0.0030306874939185,0.00300893023035026,0.00556719910107407,a
547.592792792793,0.00521800493110262,0.00302636694226107,0.00300473122323829,0.00554004873693649,a
548.593693693694,0.00518881728920631,0.00302206893527484,0.00300055314542972,0.00551322382519788,a
549.594594594595,0.00515993995244832,0.00301779332742084,0.00299639588311746,0.00548671818374983,a
550.595495495495,0.00513136669423548,0.00301353997445175,0.00299225932295738,0.0054605257901727,a
551.596396396396,0.00510309144155314,0.00300930873339755,0.00298814335208082,0.00543464077657133,a
552.597297297297,0.00507510826990848,0.00300509946255141,0.00298404785810633,0.0054090574246101,a
553.598198198198,0.00504741139846485,0.00300091202145567,0.00297997272915054,0.00538377016073851,a
554.599099099099,0.00501999518535858,0.00299674627088809,0.00297591785383831,0.00535877355159865,a
555.6,0.00499285412319006,0.00299260207284823,0.00297188312131214,0.00533406229960676,a
556.600900900901,0.00496598283468142,0.00298847929054404,0.00296786842124085,0.005309631238701,a
557.601801801802,0.00493937606849337,0.00298437778837862,0.00296387364382767,0.00528547533024834,a
558.602702702703,0.00491302869519439,0.00298029743193712,0.00295989867981765,0.00526158965910364,a
559.603603603604,0.00488693570337539,0.00297623808797385,0.00295594342050454,0.00523796942981435,a
560.604504504505,0.00486109219590371,0.00297219962439954,0.00295200775773705,0.00521460996296459,a
561.605405405405,0.00483549338631031,0.00296818191026876,0.00294809158392463,0.0051915066916527,a
562.606306306306,0.00481013459530449,0.00296418481576751,0.00294419479204268,0.00516865515809656,a
563.607207207207,0.00478501124741061,0.00296020821220097,0.0029403172756374,0.00514605101036144,a
564.608108108108,0.00476011886772169,0.00295625197198141,0.00293645892883001,0.00512368999920506,a
565.609009009009,0.00473545307876488,0.00295231596861626,0.00293261964632074,0.00510156797503517,a
566.60990990991,0.00471100959747398,0.00294840007669627,0.00292879932339223,0.00507968088497489,a
567.610810810811,0.00468678423226468,0.00294450417188396,0.00292499785591265,0.0050580247700314,a
568.611711711712,0.00466277288020809,0.00294062813090205,0.00292121514033845,0.00503659576236387,a
569.612612612613,0.00463897152429844,0.00293677183152217,0.0029174510737167,0.00501539008264637,a
570.613513513514,0.00461537623081105,0.00293293515255365,0.00291370555368712,0.00499440403752216,a
571.614414414414,0.00459198314674693,0.00292911797383244,0.00290997847848385,0.0049736340171456,a
572.615315315315,0.00456878849736011,0.00292532017621022,0.00290626974693685,0.0049530764928081,a
573.616216216216,0.00454578858376471,0.00292154164154363,0.00290257925847304,0.0049327280146449,a
574.617117117117,0.00452297978061811,0.00291778225268357,0.00289890691311719,0.00491258520941944,a
575.618018018018,0.00450035853387725,0.00291404189346477,0.00289525261149254,0.00489264477838229,a
576.618918918919,0.00447792135862501,0.00291032044869533,0.00289161625482117,0.00487290349520164,a
577.61981981982,0.0044556648369639,0.00290661780414654,0.00288799774492416,0.00485335820396273,a
578.620720720721,0.00443358561597411,0.00290293384654271,0.00288439698422153,0.00483400581723343,a
579.621621621622,0.00441168040573348,0.00289926846355119,0.00288081387573192,0.00481484331419345,a
580.622522522523,0.00438994597739679,0.0028956215437725,0.00287724832307222,0.00479586773882485,a
581.623423423423,0.00436837916133188,0.00289199297673059,0.00287370023045682,0.00477707619816135,a
582.624324324324,0.0043469768453104,0.0028883826528632,0.00287016950269684,0.00475846586059436,a
583.625225225225,0.00432573597275082,0.00288479046351233,0.00286665604519912,0.00474003395423357,a
584.626126126126,0.00430465354101179,0.00288121630091488,0.00286315976396507,0.00472177776531999,a
585.627027027027,0.00428372659973343,0.00287766005819336,0.00285968056558939,0.00470369463668958,a
586.627927927928,0.00426295224922494,0.00287412162934672,0.00285621835725863,0.00468578196628552,a
587.628828828829,0.00424232763889642,0.00287060090924129,0.00285277304674961,0.00466803720571743,a
588.62972972973,0.00422184996573305,0.00286709779360186,0.00284934454242774,0.00465045785886568,a
589.630630630631,0.00420151647281009,0.00286361217900283,0.00284593275324522,0.0046330414805293,a
590.631531531532,0.0041813244478467,0.00286014396285948,0.00284253758873908,0.00461578567511581,a
591.632432432432,0.00416127122179718,0.00285669304341937,0.00283915895902922,0.00459868809537144,a
592.633333333333,0.00414135416747796,0.0028532593197538,0.0028357967748162,0.00458174644115045,a
593.634234234234,0.0041215706982288,0.00284984269174939,0.00283245094737912,0.00456495845822194,a
594.635135135135,0.0041019182666068,0.00284644306009982,0.00282912138857323,0.00454832193711294,a
595.636036036036,0.00408239436311177,0.00284306032629755,0.00282580801082759,0.00453183471198658,a
596.636936936937,0.00406299651494153,0.00283969439262575,0.0028225107271426,0.00451549465955384,a
597.637837837838,0.00404372228477593,0.00283634516215027,0.00281922945108746,0.00449929969801804,a
598.638738738739,0.00402456926958818,0.00283301253871171,0.00281596409679756,0.00448324778605067,a
599.63963963964,0.00400553509948239,0.0028296964269176,0.00281271457897181,0.00446733692179756,a
600.640540540541,0.00398661743655594,0.00282639673213467,0.00280948081286994,0.00445156514191445,a
601.641441441442,0.00396781397378569,0.0028231133604812,0.00280626271430968,0.00443593052063075,a
602.642342342342,0.00394912243393672,0.00281984621881947,0.00280306019966395,0.00442043116884072,a
603.643243243243,0.00393054056849264,0.00281659521474831,0.00279987318585796,0.00440506523322097,a
604.644144144144,0.00391206615660629,0.0028133602565957,0.0027967015903663,0.00438983089537358,a
605.645045045045,0.00389369700406987,0.00281014125341149,0.00279354533120997,0.00437472637099375,a
606.645945945946,0.00387543094230334,0.00280693811496022,0.00279040432695335,0.00435974990906142,a
607.646846846847,0.00385726582736029,0.00280375075171397,0.00278727849670117,0.00434489979105581,a
608.647747747748,0.00383919953895009,0.00280057907484534,0.00278416776009546,0.00433017433019229,a
609.648648648649,0.00382122997947558,0.00279742299622048,0.0027810720373124,0.00431557187068077,a
610.64954954955,0.0038033550730851,0.00279428242839227,0.00277799124905921,0.00430109078700496,a
611.650450450451,0.00378557276473825,0.00279115728459345,0.00277492531657099,0.00428672948322171,a
612.651351351351,0.00376788101928422,0.00278804747872997,0.00277187416160754,0.00427248639227991,a
613.652252252252,0.00375027782055195,0.00278495292537431,0.00276883770645014,0.0042583599753582,a
614.653153153153,0.00373276117045118,0.00278187353975895,0.00276581587389838,0.00424434872122101,a
615.654054054054,0.00371532908808353,0.00277880923776987,0.00276280858726686,0.00423045114559218,a
616.654954954955,0.00369797960886286,0.00277575993594015,0.00275981577038198,0.00421666579054576,a
617.655855855856,0.00368071078364386,0.00277272555144363,0.00275683734757865,0.00420299122391332,a
618.656756756757,0.00366352067785827,0.00276970600208863,0.00275387324369706,0.00418942603870731,a
619.657657657658,0.00364640737065774,0.00276670120631178,0.00275092338407933,0.00417596885256002,a
620.658558558559,0.00362936895406256,0.00276371108317189,0.0027479876945663,0.00416261830717744,a
621.65945945946,0.00361240353211546,0.0027607355523439,0.00274506610149414,0.00414937306780785,a
622.66036036036,0.00359550922003963,0.00275777453411288,0.00274215853169113,0.00413623182272444,a
623.661261261261,0.00357868414340015,0.00275482794936815,0.0027392649124743,0.00412319328272162,a
624.662162162162,0.00356192643726805,0.00275189571959739,0.00273638517164615,0.00411025618062467,a
625.663063063063,0.00354523424538617,0.00274897776688087,0.00273351923749134,0.00409741927081212,a
626.663963963964,0.00352860571933587,0.00274607401388576,0.00273066703877335,0.00408468132875073,a
627.664864864865,0.00351203901770406,0.00274318438386044,0.00272782850473122,0.00407204115054243,a
628.665765765766,0.0034955323052494,0.00274030880062891,0.0027250035650762,0.00405949755248311,a
629.666666666667,0.00347908375206702,0.00273744718858529,0.00272219214998849,0.00404704937063262,a
630.667567567568,0.00346269153275088,0.00273459947268833,0.00271939419011391,0.00403469546039596,a
631.668468468469,0.00344635382555289,0.00273176557845601,0.00271660961656061,0.00402243469611504,a
632.669369369369,0.00343006881153793,0.00272894543196019,0.00271383836089583,0.0040102659706709,a
633.67027027027,0.00341383467373391,0.00272613895982135,0.00271108035514253,0.00399818819509591,a
634.671171171171,0.00339764959627594,0.00272334608920331,0.00270833553177623,0.00398620029819586,a
635.672072072072,0.00338151176354374,0.00272056674780811,0.00270560382372164,0.00397430122618142,a
636.672972972973,0.00336541935929134,0.00271780086387088,0.0027028851643495,0.00396248994230889,a
637.673873873874,0.00334937056576809,0.00271504836615476,0.00270017948747326,0.00395076542652988,a
638.674774774775,0.00333336356283011,0.00271230918394593,0.0026974867273459,0.00393912667514958,a
639.675675675676,0.00331739652704109,0.00270958324704864,0.00269480681865666,0.00392757270049362,a
640.676576576577,0.00330146763076144,0.00270687048578035,0.00269213969652788,0.00391610253058295,a
641.677477477478,0.00328557504122481,0.00270417083096684,0.00268948529651174,0.00390471520881683,a
642.678378378378,0.00326971691960085,0.00270148421393747,0.00268684355458716,0.00389340979366338,a
643.679279279279,0.00325389142004308,0.00269881056652041,0.00268421440715651,0.00388218535835781,a
644.68018018018,0.00323809668872093,0.00269614982103797,0.00268159779104255,0.00387104099060779,a
645.681081081081,0.0032223308628344,0.00269350191030198,0.00267899364348525,0.00385997579230602,a
646.681981981982,0.00320659206961061,0.00269086676760919,0.00267640190213861,0.0038489888792496,a
647.682882882883,0.00319087842528062,0.00268824432673674,0.00267382250506763,0.00383807938086621,a
648.683783783784,0.00317518803403534,0.00268563452193766,0.00267125539074513,0.00382724643994665,a
649.684684684685,0.00315951898695937,0.00268303728793646,0.00266870049804871,0.00381648921238387,a
650.685585585586,0.00314386936094113,0.00268045255992473,0.00266615776625763,0.00380580686691803,a
651.686486486487,0.00312823721755801,0.00267788027355678,0.00266362713504982,0.00379519858488759,a
652.687387387387,0.00311262060193506,0.00267532036494537,0.00266110854449876,0.00378466355998625,a
653.688288288288,0.00309701754157559,0.00267277277065743,0.00265860193507053,0.00377420099802551,a
654.689189189189,0.00308142604516225,0.00267023742770989,0.00265610724762074,0.00376381011670276,a
655.69009009009,0.00306584410132671,0.00266771427356547,0.00265362442339157,0.00375349014537472,a
656.690990990991,0.00305026967738648,0.00266520324612862,0.0026511534040088,0.0037432403248361,a
657.691891891892,0.00303470071804688,0.00266270428374139,0.00264869413147884,0.00373305990710334,a
658.692792792793,0.0030191351440664,0.00266021732517943,0.00264624654818578,0.00372294815520329,a
659.693693693694,0.00300357085088352,0.00265774230964799,0.00264381059688847,0.00371290434296665,a
660.694594594595,0.00298800570720292,0.002655279176778,0.00264138622071764,0.0037029277548262,a
661.695495495495,0.00297243755353909,0.00265282786662211,0.00263897336317299,0.00369301768561945,a
662.696396396396,0.00295686420071504,0.00265038831965085,0.00263657196812031,0.00368317344039582,a
663.697297297297,0.00294128342831394,0.00264796047674885,0.00263418197978864,0.0036733943342281,a
664.698198198198,0.00292569298308132,0.00264554427921096,0.00263180334276744,0.00366367969202814,a
665.699099099099,0.00291009057727529,0.00264313966873859,0.00262943600200375,0.00365402884836663,a
666.7,0.00289447388696234,0.00264074658743596,0.00262707990279944,0.00364444114729683,a
667.700900900901,0.00287884055025594,0.00263836497780643,0.00262473499080834,0.00363491594218225,a
668.701801801802,0.00286318816549528,0.00263599478274888,0.00262240121203359,0.00362545259552806,a
669.702702702703,0.00284751428936111,0.00263363594555412,0.0026200785128248,0.00361605047881626,a
670.703603603604,0.00283181643492589,0.0026312884099013,0.00261776683987536,0.00360670897234436,a
671.704504504505,0.00281609206963486,0.00262895211985443,0.00261546614021974,0.00359742746506763,a
672.705405405405,0.00280033861321503,0.00262662701985888,0.0026131763612308,0.00358820535444473,a
673.706306306306,0.00278455343550851,0.0026243130547379,0.00261089745061708,0.00357904204628668,a
674.707207207207,0.00276873385422682,0.00262201016968926,0.00260862935642021,0.00356993695460907,a
675.708108108108,0.00275287713262242,0.00261971831028182,0.00260637202701219,0.00356088950148745,a
676.709009009009,0.00273698047707379,0.0026174374224522,0.00260412541109286,0.00355189911691578,a
677.70990990991,0.00272104103458003,0.00261516745250148,0.00260188945768724,0.0035429652386679,a
678.710810810811,0.00270505589016106,0.00261290834709192,0.00259966411614298,0.00353408731216192,a
679.711711711712,0.00268902206415915,0.00261066005324368,0.00259744933612776,0.0035252647903275,a
680.712612612613,0.00267293650943749,0.00260842251833164,0.0025952450676268,0.00351649713347589,a
681.713513513514,0.00265679610847142,0.00260619569008222,0.00259305126094027,0.00350778380917267,a
682.714414414414,0.00264059767032767,0.0026039795165702,0.00259086786668085,0.00349912429211324,a
683.715315315315,0.00262433792752701,0.00260177394621563,0.00258869483577116,0.00349051806400076,a
684.716216216216,0.00260801353278558,0.00259957892778072,0.00258653211944135,0.00348196461342674,a
685.717117117117,0.00259162105562998,0.00259739441036682,0.00258437966922661,0.00347346343575402,a
686.718018018018,0.00257515697888127,0.00259522034341133,0.00258223743696476,0.00346501403300219,a
687.718918918919,0.00255861769500291,0.00259305667668478,0.00258010537479379,0.00345661591373534,a
688.71981981982,0.00254199950230778,0.00259090336028778,0.00257798343514948,0.00344826859295212,a
689.720720720721,0.00252529860101927,0.00258876034464817,0.00257587157076304,0.00343997159197803,a
690.721621621622,0.0025085110891817,0.00258662758051801,0.00257376973465869,0.00343172443835987,a
691.722522522523,0.00249163295841534,0.00258450501897081,0.00257167788015135,0.00342352666576235,a
692.723423423423,0.0024746600895116,0.00258239261139857,0.00256959596084427,0.00341537781386679,a
693.724324324324,0.0024575882478642,0.00258029030950904,0.00256752393062677,0.00340727742827183,a
694.725225225225,0.00244041307873253,0.00257819806532286,0.00256546174367187,0.00339922506039609,a
695.726126126126,0.00242313010233399,0.00257611583117083,0.00256340935443409,0.00339122026738289,a
696.727027027027,0.00240573470876257,0.00257404355969114,0.0025613667176471,0.00338326261200669,a
697.727927927928,0.00238822215273213,0.00257198120382668,0.00255933378832154,0.00337535166258155,a
698.728828828829,0.00237058754814337,0.00256992871682232,0.00255731052174274,0.00336748699287126,a
699.72972972973,0.00235282586247533,0.00256788605222225,0.00255529687346855,0.00335966818200133,a
700.730630630631,0.00233493191100325,0.00256585316386735,0.00255329279932712,0.00335189481437264,a
701.731531531532,0.0023169003508471,0.00256383000589258,0.00255129825541469,0.00334416647957681,a
702.732432432432,0.00229872567485698,0.00256181653272436,0.00254931319809349,0.00333648277231322,a
703.733333333333,0.00228040220534469,0.00255981269907805,0.00254733758398953,0.0033288432923076,a
704.734234234234,0.00226192408767403,0.00255781845995536,0.00254537136999051,0.00332124764423223,a
705.735135135135,0.00224328528372659,0.00255583377064187,0.00254341451324368,0.00331369543762766,a
706.736036036036,0.00222447956526464,0.00255385858670453,0.00254146697115373,0.00330618628682594,a
707.736936936937,0.00220550050721885,0.00255189286398915,0.00253952870138076,0.00329871981087531,a
708.737837837838,0.00218634148093519,0.00254993655861804,0.00253759966183813,0.00329129563346633,a
709.738738738739,0.0021669956474247,0.00254798962698747,0.00253567981069049,0.0032839133828594,a
710.73963963964,0.00214745595066912,0.00254605202576539,0.00253376910635167,0.00327657269181369,a
711.740540540541,0.0021277151110481,0.00254412371188896,0.00253186750748272,0.00326927319751733,a
712.741441441441,0.00210776561896845,0.00254220464256223,0.00252997497298985,0.00326201454151905,a
713.742342342342,0.00208759972879288,0.00254029477525381,0.00252809146202248,0.00325479636966095,a
714.743243243243,0.00206720945318729,0.00253839406769454,0.00252621693397124,0.00324761833201261,a
715.744144144144,0.00204658655803036,0.00253650247787522,0.00252435134846601,0.00324048008280643,a
716.745045045045,0.00202572255805998,0.00253461996404432,0.002522494665374,0.00323338128037415,a
717.745945945946,0.00200460871346682,0.00253274648470573,0.00252064684479778,0.00322632158708451,a
718.746846846847,0.00198323602768968,0.00253088199861655,0.00251880784707339,0.00321930066928216,a
719.747747747748,0.00196159524671949,0.00252902646478486,0.00251697763276842,0.00321231819722756,a
720.748648648649,0.00193967686028275,0.00252717984246755,0.00251515616268015,0.0032053738450381,a
721.74954954955,0.00191747110535188,0.00252534209116814,0.00251334339783363,0.00319846729063022,a
722.75045045045,0.00189496797252293,0.00252351317063462,0.00251153929947989,0.00319159821566263,a
723.751351351351,0.00187215721591407,0.00252169304085735,0.00250974382909401,0.0031847663054805,a
724.752252252252,0.00184902836737501,0.00251988166206694,0.00250795694837337,0.00317797124906075,a
725.753153153153,0.00182557075596459,0.00251807899473213,0.00250617861923578,0.00317121273895824,a
726.754054054054,0.00180177353385717,0.00251628499955776,0.00250440880381769,0.00316449047125297,a
727.754954954955,0.00177762571008729,0.00251449963748268,0.00250264746447241,0.00315780414549823,a
728.755855855856,0.00175311619384717,0.00251272286967776,0.00250089456376834,0.00315115346466966,a
729.756756756757,0.00172823384942634,0.00251095465754381,0.00249915006448717,0.00314453813511519,a
730.757657657658,0.00170296756534418,0.00250919496270963,0.00249741392962218,0.00313795786650596,a
731.758558558559,0.00167730634079599,0.00250744374703003,0.00249568612237648,0.003131412371788,a
732.759459459459,0.00165123939323883,0.00250570097258382,0.00249396660616128,0.00312490136713484,a
733.76036036036,0.00162475629181829,0.00250396660167192,0.00249225534459418,0.00311842457190089,a
734.761261261261,0.00159784712242707,0.00250224059681538,0.00249055230149751,0.00311198170857572,a
735.762162162162,0.00157050269154373,0.0025005229207535,0.0024888574408966,0.00310557250273904,a
736.763063063063,0.00154271477769821,0.00249881353644194,0.00248717072701812,0.00309919668301655,a
737.763963963964,0.00151447644153697,0.0024971124070508,0.00248549212428846,0.00309285398103652,a
738.764864864865,0.00148578240812921,0.0024954194959628,0.00248382159733203,0.00308654413138708,a
739.765765765766,0.00145662953850869,0.00249373476677142,0.00248215911096966,0.00308026687157436,a
740.766666666667,0.0014270174116624,0.00249205818327906,0.00248050463021696,0.00307402194198122,a
741.767567567568,0.0013969490434806,0.00249038970949522,0.00247885812028272,0.00306780908582678,a
742.768468468468,0.00136643177584333,0.00248872930963473,0.00247721954656734,0.00306162804912661,a
743.769369369369,0.00133547837736374,0.00248707694811594,0.00247558887466118,0.00305547858065359,a
744.77027027027,0.00130410840771145,0.00248543258955896,0.00247396607034304,0.00304936043189943,a
745.771171171171,0.00127234991030474,0.00248379619878391,0.0024723510995786,0.00304327335703693,a
746.772072072072,0.00124024151386963,0.00248216774080919,0.00247074392851883,0.00303721711288269,a
747.772972972973,0.00120783504216823,0.00248054718084971,0.0024691445234985,0.00303119145886066,a
748.773873873874,0.00117519875300062,0.00247893448431526,0.00246755285103461,0.00302519615696618,a
749.774774774775,0.001142421351548,0.00247732961680874,0.00246596887782491,0.00301923097173062,a
750.775675675676,0.00110961694697003,0.00247573254412453,0.00246439257074635,0.00301329567018667,a
751.776576576577,0.00107693113999944,0.0024741432322468,0.00246282389685367,0.00300739002183417,a
752.777477477477,0.00104454843367478,0.00247256164734786,0.00246126282337782,0.00300151379860651,a
753.778378378378,0.00101270113253974,0.00247098775578654,0.00245970931772455,0.00299566677483758,a
754.779279279279,0.000981679809663321,0.00246942152410653,0.00245816334747294,0.00298984872722931,a
755.78018018018,0.000951845232518907,0.00246786291903481,0.00245662488037395,0.00298405943481967,a
756.781081081081,0.00092364128804848,0.00246631190748003,0.00245509388434896,0.00297829867895125,a
757.781981981982,0.000897607864445087,0.00246476845653091,0.00245357032748838,0.00297256624324035,a
758.782882882883,0.000874391781804912,0.00246323253345471,0.00245205417805021,0.00296686191354656,a
759.783783783784,0.000854752752850458,0.00246170410569565,0.00245054540445861,0.00296118547794282,a
760.784684684685,0.000839560241819035,0.00246018314087335,0.00244904397530257,0.00295553672668599,a
761.785585585586,0.000829776559900942,0.0024586696067813,0.00244754985933445,0.00294991545218792,a
762.786486486486,0.00082642253117719,0.00245716347138538,0.00244606302546865,0.0029443214489869,a
763.787387387387,0.000830525519543359,0.00245566470282231,0.00244458344278021,0.00293875451371969,a
764.788288288288,0.000843055552368497,0.00245417326939816,0.00244311108050352,0.00293321444509386,a
765.789189189189,0.000864861818672797,0.00245268913958686,0.00244164590803087,0.00292770104386071,a
766.79009009009,0.000896625281722173,0.00245121228202878,0.00244018789491121,0.00292221411278853,a
767.790990990991,0.000938840328843393,0.0024497426655292,0.00243873701084876,0.00291675345663632,a
768.791891891892,0.000991829631536224,0.00244828025905689,0.00243729322570172,0.00291131888212789,a
769.792792792793,0.001055786151668,0.0024468250317427,0.00243585650948097,0.00290591019792644,a
770.793693693694,0.00113082979214996,0.00244537695287808,0.00243442683234873,0.00290052721460947,a
771.794594594595,0.00121706576374079,0.00244393599191372,0.00243300416461733,0.00289516974464413,a
772.795495495495,0.00131463569055694,0.00244250211845812,0.00243158847674787,0.00288983760236295,a
773.796396396396,0.00142375760836133,0.00244107530227619,0.00243017973934899,0.00288453060393988,a
774.797297297297,0.00154475498091612,0.00243965551328789,0.00242877792317559,0.00287924856736684,a
775.798198198198,0.00167807693966706,0.00243824272156684,0.00242738299912758,0.0028739913124305,a
776.799099099099,0.0018243124834954,0.002436836897339,0.00242599493824864,0.00286875866068952,a
777.8,0.00198420101025955,0.00243543801098126,0.00242461371172498,0.00286355043545207,a
778.800900900901,0.00215864081159929,0.00243404603302016,0.00242323929088412,0.00285836646175371,a
779.801801801802,0.00234869632642587,0.00243266093413052,0.00242187164719366,0.00285320656633567,a
780.802702702703,0.0025556041000949,0.00243128268513414,0.00242051075226006,0.0028480705776234,a
781.803603603604,0.00278077649716533,0.00242991125699852,0.00241915657782748,0.00284295832570544,a
782.804504504505,0.00302580115830489,0.0024285466208355,0.00241780909577655,0.00283786964231267,a
783.805405405405,0.00329243282486153,0.00242718874790002,0.00241646827812321,0.00283280436079784,a
784.806306306306,0.00358257229229982,0.00242583760958884,0.0024151340970175,0.00282776231611541,a
785.807207207207,0.00389822468651961,0.00242449317743925,0.00241380652474242,0.00282274334480166,a
786.808108108108,0.00424142578377566,0.00242315542312783,0.00241248553371277,0.00281774728495523,a
787.809009009009,0.00461412061206573,0.00242182431846918,0.00241117109647399,0.00281277397621777,a
788.80990990991,0.00501797327942493,0.00242049983541472,0.00240986318570101,0.00280782325975502,a
789.810810810811,0.00545408178827939,0.00241918194605141,0.00240856177419712,0.00280289497823812,a
790.811711711712,0.00592256887232909,0.00241787062260058,0.00240726683489286,0.00279798897582517,a
791.812612612613,0.00642202450396593,0.00241656583741666,0.00240597834084485,0.00279310509814317,a
792.813513513513,0.00694879615031288,0.00241526756298604,0.00240469626523472,0.00278824319227008,a
793.814414414414,0.00749617109187486,0.00241397577192583,0.00240342058136801,0.00278340310671725,a
794.815315315315,0.00805358241010227,0.00241269043698269,0.00240215126267302,0.00277858469141212,a
795.816216216216,0.00860609435432309,0.00241141153103166,0.00240088828269977,0.00277378779768105,a
796.817117117117,0.00913454509954529,0.00241013902707497,0.00239963161511891,0.0027690122782326,a
797.818018018018,0.00961675024425129,0.00240887289824092,0.00239838123372062,0.00276425798714081,a
798.818918918919,0.0100299685487281,0.00240761311778268,0.00239713711241355,0.00275952477982899,a
799.81981981982,0.01035434394137,0.0024063596590772,0.00239589922522376,0.00275481251305353,a
800.820720720721,0.0105764320158137,0.00240511249562401,0.00239466754629368,0.00275012104488803,a
801.821621621622,0.0106916010745616,0.00240387160104418,0.00239344204988104,0.0027454502347077,a
802.822522522522,0.0107044165166349,0.00240263694907911,0.00239222271035783,0.00274079994317392,a
803.823423423423,0.0106269693293659,0.0024014085135895,0.0023910095022093,0.00273617003221905,a
804.824324324324,0.010475941438355,0.00240018626855418,0.00238980240003288,0.00273156036503145,a
805.825225225225,0.0102695040157991,0.00239897018806906,0.00238860137853719,0.00272697080604071,a
806.826126126126,0.0100248766966419,0.00239776024634605,0.00238740641254103,0.00272240122090314,a
807.827027027027,0.00975686805009004,0.00239655641771192,0.00238621747697237,0.00271785147648738,a
808.827927927928,0.00947730706639835,0.00239535867660732,0.00238503454686733,0.0027133214408603,a
809.828828828829,0.00919508881411856,0.00239416699758561,0.0023838575973692,0.00270881098327305,a
810.82972972973,0.00891654923876443,0.00239298135531191,0.00238268660372746,0.00270431997414731,a
811.830630630631,0.00864595831051427,0.00239180172456197,0.00238152154129678,0.00269984828506175,a
812.831531531531,0.00838600658435557,0.00239062808022118,0.00238036238553607,0.00269539578873869,a
813.832432432432,0.00813822634145718,0.00238946039728348,0.00237920911200749,0.00269096235903093,a
814.833333333333,0.00790332946501318,0.0023882986508504,0.00237806169637547,0.00268654787090874,a
815.834234234234,0.00768146544919046,0.00238714281612999,0.00237692011440581,0.0026821522004471,a
816.835135135135,0.00747241169217907,0.00238599286843582,0.00237578434196468,0.00267777522481303,a
817.836036036036,0.00727571020273898,0.00238484878318599,0.00237465435501768,0.00267341682225321,a
818.836936936937,0.00709076369937446,0.00238371053590209,0.00237353012962893,0.00266907687208164,a
819.837837837838,0.00691690182427257,0.00238257810220824,0.00237241164196011,0.00266475525466756,a
820.838738738739,0.00675342581894788,0.00238145145783012,0.00237129886826955,0.00266045185142354,a
821.83963963964,0.00659963792413794,0.00238033057859393,0.00237019178491128,0.00265616654479366,a
822.84054054054,0.00645486008934578,0.00237921544042547,0.00236909036833415,0.00265189921824193,a
823.841441441441,0.00631844529308755,0.00237810601934915,0.00236799459508091,0.00264764975624084,a
824.842342342342,0.00618978382119626,0.00237700229148703,0.00236690444178729,0.00264341804426005,a
825.843243243243,0.00606830615649174,0.00237590423305788,0.00236581988518112,0.00263920396875525,a
826.844144144144,0.0059534836349275,0.0023748118203762,0.00236474090208141,0.00263500741715719,a
827.845045045045,0.00584482766912868,0.00237372502985134,0.0023636674693975,0.00263082827786081,a
828.845945945946,0.00574188809018238,0.00237264383798648,0.00236259956412815,0.00262666644021457,a
829.846846846847,0.00564425098297917,0.00237156822137777,0.00236153716336067,0.0026225217945099,a
830.847747747748,0.00555153626771931,0.00237049815671337,0.00236048024427005,0.00261839423197076,a
831.848648648649,0.00546339519485458,0.00236943362077255,0.0023594287841181,0.00261428364474343,a
832.849549549549,0.00537950786166397,0.00236837459042477,0.00235838276025257,0.00261018992588632,a
833.85045045045,0.00529958081801842,0.00236732104262877,0.00235734215010631,0.00260611296936004,a
834.851351351351,0.00522334480114179,0.00236627295443169,0.0023563069311964,0.00260205267001746,a
835.852252252252,0.00515055262042609,0.00236523030296813,0.00235527708112334,0.00259800892359406,a
836.853153153153,0.00508097720087488,0.00236419306545933,0.00235425257757017,0.00259398162669829,a
837.854054054054,0.00501440978560472,0.00236316121921223,0.00235323339830165,0.00258997067680207,a
838.854954954955,0.00495065829268729,0.00236213474161859,0.00235221952116344,0.00258597597223152,a
839.855855855856,0.00488954581851987,0.00236111361015418,0.00235121092408125,0.00258199741215764,a
840.856756756757,0.00483090927820956,0.00236009780237784,0.00235020758506003,0.00257803489658729,a
841.857657657658,0.00477459817268848,0.00235908729593067,0.00234920948218316,0.00257408832635416,a
842.858558558558,0.00472047347212216,0.00235808206853513,0.00234821659361163,0.0025701576031099,a
843.859459459459,0.00466840660541033,0.00235708209799424,0.00234722889758323,0.00256624262931541,a
844.86036036036,0.00461827854605626,0.0023560873621907,0.00234624637241175,0.00256234330823215,a
845.861261261261,0.0045699789852933,0.00235509783908604,0.00234526899648618,0.00255845954391367,a
846.862162162162,0.00452340558403564,0.00235411350671982,0.00234429674826993,0.00255459124119714,a
847.863063063063,0.00447846329591823,0.00235313434320877,0.00234332960630002,0.00255073830569508,a
848.863963963964,0.0044350637543775,0.00235216032674598,0.00234236754918631,0.00254690064378717,a
849.864864864865,0.00439312471738333,0.00235119143560008,0.00234141055561069,0.00254307816261214,a
850.865765765766,0.00435256956405016,0.0023502276481144,0.00234045860432637,0.00253927077005976,a
851.866666666667,0.00431332683792863,0.0023492689427062,0.00233951167415704,0.00253547837476301,a
852.867567567568,0.00427532983230442,0.00234831529786583,0.00233856974399611,0.00253170088609024,a
853.868468468468,0.00423851621330956,0.00234736669215595,0.00233763279280601,0.00252793821413752,a
854.869369369369,0.00420282767708488,0.00234642310421072,0.00233670079961736,0.00252419026972103,a
855.87027027027,0.00416820963762293,0.002345484512735,0.00233577374352824,0.00252045696436959,a
856.871171171171,0.00413461094227202,0.0023445508965036,0.00233485160370344,0.00251673821031724,a
857.872072072072,0.00410198361219652,0.00234362223436046,0.00233393435937373,0.00251303392049595,a
858.872972972973,0.0040702826053708,0.00234269850521788,0.00233302198983509,0.0025093440085284,a
859.873873873874,0.00403946559993573,0.00234177968805575,0.00233211447444798,0.00250566838872086,a
860.874774774775,0.00400949279597164,0.0023408657619208,0.00233121179263661,0.0025020069760562,a
861.875675675676,0.00398032673394255,0.0023399567059258,0.00233031392388823,0.00249835968618686,a
862.876576576577,0.00395193212824545,0.00233905249924882,0.00232942084775235,0.00249472643542808,a
863.877477477477,0.00392427571445826,0.00233815312113247,0.00232853254384006,0.00249110714075108,a
864.878378378378,0.00389732610902281,0.00233725855088315,0.00232764899182331,0.00248750171977638,a
865.879279279279,0.00387105368022631,0.00233636876787029,0.00232677017143417,0.00248391009076722,a
866.88018018018,0.00384543042945859,0.00233548375152563,0.00232589606246414,0.00248033217262301,a
867.881081081081,0.00382042988182362,0.00233460348134247,0.00232502664476345,0.0024767678848729,a
868.881981981982,0.00379602698527488,0.00233372793687491,0.00232416189824031,0.00247321714766942,a
869.882882882883,0.00377219801752503,0.00233285709773717,0.00232330180286026,0.0024696798817822,a
870.883783783784,0.00374892050005296,0.00233199094360281,0.00232244633864547,0.00246615600859174,a
871.884684684685,0.00372617311859645,0.00233112945420404,0.002321595485674,0.00246264545008332,a
872.885585585586,0.00370393564957677,0.00233027260933099,0.00232074922407916,0.0024591481288409,a
873.886486486486,0.00368218889195386,0.00232942038883099,0.0023199075340488,0.00245566396804117,a
874.887387387387,0.00366091460405772,0.00232857277260787,0.00231907039582465,0.00245219289144764,a
875.888288288288,0.00364009544498374,0.00232772974062124,0.00231823778970161,0.00244873482340478,a
876.889189189189,0.00361971492017737,0.00232689127288581,0.00231740969602709,0.00244528968883226,a
877.89009009009,0.00359975733086818,0.00232605734947064,0.00231658609520034,0.00244185741321928,a
878.890990990991,0.00358020772704337,0.00232522795049851,0.00231576696767179,0.00243843792261891,a
879.891891891892,0.00356105186367906,0.00232440305614517,0.00231495229394235,0.00243503114364253,a
880.892792792793,0.00354227615997246,0.00232358264663869,0.00231414205456279,0.00243163700345436,a
881.893693693694,0.00352386766134039,0.00232276670225873,0.00231333623013306,0.00242825542976603,a
882.894594594595,0.00350581400397041,0.00232195520333593,0.00231253480130164,0.00242488635083119,a
883.895495495495,0.00348810338172898,0.00232114813025115,0.00231173774876488,0.00242152969544023,a
884.896396396396,0.00347072451524781,0.00232034546343486,0.00231094505326636,0.00241818539291503,a
885.897297297297,0.00345366662302484,0.00231954718336642,0.00231015669559623,0.00241485337310382,a
886.898198198198,0.00343691939438991,0.00231875327057346,0.00230937265659061,0.00241153356637604,a
887.899099099099,0.00342047296419762,0.00231796370563117,0.00230859291713087,0.00240822590361726,a
888.9,0.00340431788912138,0.00231717846916167,0.0023078174581431,0.00240493031622427,a
889.900900900901,0.00338844512543265,0.00231639754183334,0.00230704626059737,0.00240164673610006,a
890.901801801802,0.00337284600815915,0.00231562090436017,0.00230627930550717,0.00239837509564899,a
891.902702702703,0.003357512231524,0.0023148485375011,0.00230551657392878,0.00239511532777198,a
892.903603603604,0.00334243583057566,0.00231408042205939,0.00230475804696059,0.00239186736586169,a
893.904504504505,0.00332760916392577,0.00231331653888197,0.00230400370574256,0.00238863114379789,a
894.905405405405,0.00331302489751832,0.00231255686885877,0.00230325353145551,0.00238540659594276,a
895.906306306306,0.00329867598935946,0.00231180139292214,0.00230250750532061,0.00238219365713629,a
896.907207207207,0.00328455567514293,0.00231105009204616,0.00230176560859867,0.00237899226269178,a
897.908108108108,0.00327065745471083,0.00231030294724604,0.00230102782258958,0.00237580234839129,a
898.909009009009,0.00325697507929398,0.00230955993957747,0.00230029412863172,0.00237262385048124,a
899.90990990991,0.00324350253948057,0.00230882105013603,0.0022995645081013,0.00236945670566801,a
900.910810810811,0.00323023405386514,0.00230808626005653,0.00229883894241182,0.00236630085111359,a
901.911711711712,0.00321716405833401,0.00230735555051241,0.00229811741301342,0.00236315622443132,a
902.912612612613,0.003204287195946,0.00230662890271511,0.00229739990139232,0.00236002276368162,a
903.913513513514,0.00319159830737048,0.0023059062979135,0.00229668638907022,0.00235690040736782,a
904.914414414414,0.00317909242184767,0.0023051877173932,0.0022959768576037,0.00235378909443202,a
905.915315315315,0.00316676474863813,0.00230447314247604,0.00229527128858366,0.00235068876425095,a
906.916216216216,0.00315461066893129,0.00230376255451939,0.00229456966363467,0.002347599356632,a
907.917117117117,0.00314262572818449,0.00230305593491565,0.00229387196441449,0.00234452081180914,a
908.918018018018,0.00313080562886638,0.00230235326509154,0.00229317817261339,0.00234145307043901,a
909.918918918919,0.00311914622357995,0.0023016545265076,0.00229248826995365,0.00233839607359698,a
910.91981981982,0.00310764350854249,0.00230095970065755,0.00229180223818894,0.00233534976277329,a
911.920720720721,0.00309629361740112,0.0023002687690677,0.00229112005910377,0.00233231407986925,a
912.921621621622,0.00308509281536397,0.00229958171329638,0.00229044171451292,0.0023292889671934,a
913.922522522523,0.00307403749362862,0.00229889851493335,0.00228976718626086,0.00232627436745783,a
914.923423423423,0.00306312416409019,0.00229821915559923,0.00228909645622121,0.00232327022377443,a
915.924324324324,0.00305234945431329,0.00229754361694488,0.00228842950629616,0.00232027647965128,a
916.925225225225,0.00304171010275236,0.00229687188065087,0.00228776631841594,0.002317293078989,a
917.926126126126,0.00303120295420641,0.00229620392842691,0.0022871068745382,0.00231431996607718,a
918.927027027027,0.00302082495549492,0.00229553974201121,0.00228645115664755,0.00231135708559085,a
919.927927927928,0.00301057315134252,0.00229487930317002,0.00228579914675494,0.00230840438258699,a
920.928828828829,0.00300044468046073,0.00229422259369696,0.00228515082689712,0.00230546180250105,a
921.92972972973,0.00299043677181596,0.00229356959541254,0.00228450617913612,0.00230252929114353,a
922.930630630631,0.00298054674107364,0.00229292029016354,0.00228386518555871,0.00229960679469664,a
923.931531531532,0.00297077198720871,0.0022922746598225,0.00228322782827582,0.00229669425971089,a
924.932432432432,0.00296110998927363,0.00229163268628713,0.00228259408942203,0.00229379163310182,a
925.933333333333,0.00295155830331551,0.00229099435147977,0.00228196395115503,0.00229089886214672,a
926.934234234234,0.00294211455943425,0.00229035963734686,0.00228133739565511,0.00228801589448141,a
927.935135135135,0.00293277645897439,0.00228972852585835,0.00228071440512456,0.00228514267809698,a
928.936036036036,0.00292354177184367,0.00228910099900722,0.00228009496178723,0.00228227916133669,a
929.936936936937,0.00291440833395156,0.00228847703880886,0.00227947904788794,0.00227942529289281,a
930.937837837838,0.00290537404476173,0.0022878566273006,0.00227886664569197,0.00227658102180349,a
931.938738738739,0.00289643686495252,0.00228723974654114,0.00227825773748457,0.00227374629744977,a
932.93963963964,0.00288759481417992,0.00228662637861,0.00227765230557039,0.00227092106955246,a
933.94054054054,0.00287884596893787,0.00228601650560704,0.002277050332273,0.0022681052881692,a
934.941441441441,0.00287018846051104,0.00228541010965187,0.00227645179993437,0.00226529890369148,a
935.942342342342,0.00286162047301538,0.00228480717288338,0.00227585669091436,0.00226250186684169,a
936.943243243243,0.0028531402415222,0.00228420767745918,0.00227526498759016,0.00225971412867022,a
937.944144144144,0.00284474605026162,0.00228361160555508,0.00227467667235588,0.00225693564055259,a
938.945045045045,0.00283643623090144,0.00228301893936459,0.00227409172762195,0.00225416635418663,a
939.945945945946,0.00282820916089791,0.00228242966109838,0.00227351013581468,0.00225140622158962,a
940.946846846847,0.00282006326191481,0.00228184375298378,0.00227293187937571,0.00224865519509555,a
941.947747747748,0.00281199699830768,0.00228126119726427,0.00227235694076157,0.00224591322735233,a
942.948648648649,0.00280400887566994,0.00228068197619895,0.00227178530244312,0.00224318027131911,a
943.949549549549,0.00279609743943815,0.00228010607206207,0.0022712169469051,0.00224045628026356,a
944.95045045045,0.00278826127355352,0.00227953346714249,0.00227065185664563,0.00223774120775918,a
945.951351351351,0.00278049899917708,0.00227896414374319,0.00227009001417569,0.0022350350076827,a
946.952252252252,0.00277280927345604,0.00227839808418077,0.00226953140201869,0.00223233763421147,a
947.953153153153,0.00276519078833891,0.00227783527078494,0.00226897600270993,0.00222964904182084,a
948.954054054054,0.00275764226943727,0.00227727568589805,0.00226842379879614,0.00222696918528164,a
949.954954954955,0.00275016247493192,0.00227671931187459,0.00226787477283501,0.00222429801965763,a
950.955855855856,0.00274275019452159,0.00227616613108067,0.00226732890739468,0.00222163550030299,a
951.956756756757,0.00273540424841207,0.00227561612589357,0.0022667861850533,0.00221898158285987,a
952.957657657658,0.00272812348634416,0.00227506927870123,0.00226624658839853,0.00221633622325591,a
953.958558558558,0.00272090678665862,0.00227452557190177,0.00226571010002709,0.00221369937770185,a
954.959459459459,0.00271375305539648,0.00227398498790302,0.00226517670254424,0.00221107100268909,a
955.96036036036,0.00270666122543322,0.00227344750912202,0.00226464637856339,0.00220845105498731,a
956.961261261261,0.00269963025564528,0.00227291311798456,0.00226411911070558,0.00220583949164217,a
957.962162162162,0.00269265913010757,0.0022723817969247,0.00226359488159901,0.00220323626997294,a
958.963063063063,0.00268574685732056,0.00227185352838429,0.00226307367387862,0.0022006413475702,a
959.963963963964,0.00267889246946576,0.00227132829481253,0.00226255547018561,0.00219805468229356,a
960.964864864865,0.00267209502168839,0.00227080607866545,0.00226204025316697,0.00219547623226942,a
961.965765765766,0.002665353591406,0.0022702868624055,0.00226152800547504,0.00219290595588874,a
962.966666666667,0.00265866727764203,0.00226977062850102,0.00226101870976706,0.00219034381180477,a
963.967567567568,0.00265203520038325,0.00226925735942586,0.00226051234870471,0.00218778975893096,a
964.968468468468,0.00264545649996009,0.00226874703765887,0.00226000890495368,0.00218524375643871,a
965.969369369369,0.00263893033644894,0.00226823964568343,0.00225950836118319,0.00218270576375525,a
966.97027027027,0.00263245588909537,0.00226773516598705,0.00225901070006558,0.00218017574056155,a
967.971171171171,0.00262603235575771,0.00226723358106085,0.00225851590427584,0.00217765364679017,a
968.972072072072,0.00261965895236985,0.0022667348733992,0.0022580239564912,0.0021751394426232,a
969.972972972973,0.00261333491242266,0.00226623902549916,0.00225753483939068,0.00217263308849024,a
970.973873873874,0.00260705948646333,0.00226574601986014,0.00225704853565464,0.00217013454506628,a
971.974774774775,0.00260083194161168,0.00226525583898338,0.00225656502796436,0.00216764377326976,a
972.975675675676,0.00259465156109304,0.00226476846537155,0.00225608429900161,0.00216516073426052,a
973.976576576577,0.0025885176437869,0.00226428388152833,0.00225560633144822,0.00216268538943786,a
974.977477477477,0.0025824295037907,0.00226380206995789,0.00225513110798566,0.00216021770043856,a
975.978378378378,0.00257638646999826,0.00226332301316456,0.0022546586112946,0.00215775762913494,a
976.979279279279,0.00257038788569216,0.00226284669365233,0.0022541888240545,0.00215530513763295,a
977.98018018018,0.00256443310814967,0.00226237309392443,0.00225372172894318,0.00215286018827029,a
978.981081081081,0.00255852150826161,0.00226190219648294,0.0022532573086364,0.00215042274361448,a
979.981981981982,0.00255265247016366,0.00226143398382832,0.00225279554580748,0.00214799276646103,a
980.982882882883,0.00254682539087969,0.00226096843845901,0.00225233642312684,0.0021455702198316,a
981.983783783784,0.00254103967997664,0.00226050554287101,0.0022518799232616,0.00214315506697216,a
982.984684684685,0.00253529475923045,0.00226004527955744,0.0022514260288752,0.00214074727135119,a
983.985585585586,0.00252959006230275,0.00225958763100818,0.00225097472262695,0.00213834679665788,a
984.986486486486,0.00252392503442781,0.00225913257970937,0.00225052598717166,0.00213595360680038,a
985.987387387387,0.00251829913210939,0.00225868010814309,0.00225007980515923,0.00213356766590401,a
986.988288288288,0.00251271182282719,0.0022582301987869,0.00224963615923422,0.00213118893830955,a
987.989189189189,0.00250716258475245,0.00225778283411341,0.0022491950320355,0.00212881738857151,a
988.99009009009,0.00250165090647242,0.00225733799658996,0.00224875640619582,0.00212645298145643,a
989.990990990991,0.00249617628672342,0.00225689566867812,0.00224832026434144,0.00212409568194119,a
990.991891891892,0.00249073823413208,0.00225645583283338,0.00224788658909169,0.00212174545521132,a
991.992792792793,0.00248533626696454,0.00225601847150467,0.00224745536305866,0.00211940226665938,a
992.993693693694,0.00247996991288334,0.00225558356713404,0.00224702656884675,0.0021170660818833,a
993.994594594595,0.00247463870871163,0.00225515110215621,0.0022466001890523,0.00211473686668475,a
994.995495495495,0.00246934220020456,0.00225472105899821,0.00224617620626322,0.00211241458706755,a
995.996396396396,0.00246407994182756,0.002254293420079,0.00224575460305862,0.00211009920923607,a
996.997297297297,0.00245885149654117,0.00225386816780905,0.00224533536200838,0.00210779069959366,a
997.998198198198,0.00245365643559234,0.00225344528458999,0.00224491846567285,0.00210548902474106,a
998.999099099099,0.00244849433831192,0.00225302475281422,0.0022445038966024,0.0021031941514749,a
1000,0.00244336479191807,0.00225260655486452,0.00224409163733713,0.00210090604678613,a
